userId;movieId;tag;timestamp;date
2;60756;funny;1445714994;24/10/2015 19:29
2;60756;Highly quotable;1445714996;24/10/2015 19:29
2;60756;will ferrell;1445714992;24/10/2015 19:29
2;89774;Boxing story;1445715207;24/10/2015 19:33
2;89774;MMA;1445715200;24/10/2015 19:33
2;89774;Tom Hardy;1445715205;24/10/2015 19:33
2;106782;drugs;1445715054;24/10/2015 19:30
2;106782;Leonardo DiCaprio;1445715051;24/10/2015 19:30
2;106782;Martin Scorsese;1445715056;24/10/2015 19:30
7;48516;way too long;1169687325;25/01/2007 01:08
18;431;Al Pacino;1462138765;01/05/2016 21:39
18;431;gangster;1462138749;01/05/2016 21:39
18;431;mafia;1462138755;01/05/2016 21:39
18;1221;Al Pacino;1461699306;26/04/2016 19:35
18;1221;Mafia;1461699303;26/04/2016 19:35
18;5995;holocaust;1455735472;17/02/2016 18:57
18;5995;true story;1455735479;17/02/2016 18:57
18;44665;twist ending;1456948283;02/03/2016 19:51
18;52604;Anthony Hopkins;1457650696;10/03/2016 22:58
18;52604;courtroom drama;1457650711;10/03/2016 22:58
18;52604;twist ending;1457650682;10/03/2016 22:58
18;88094;britpop;1457444500;08/03/2016 13:41
18;88094;indie record label;1457444592;08/03/2016 13:43
18;88094;music;1457444609;08/03/2016 13:43
18;144210;dumpster diving;1455060381;09/02/2016 23:26
18;144210;Sustainability;1455060452;09/02/2016 23:27
21;1569;romantic comedy;1419805413;28/12/2014 22:23
21;1569;wedding;1419805419;28/12/2014 22:23
21;118985;painter;1419805477;28/12/2014 22:24
21;119141;bloody;1419793962;28/12/2014 19:12
49;109487;black hole;1493093306;25/04/2017 04:08
49;109487;sci-fi;1493093332;25/04/2017 04:08
49;109487;time-travel;1493093356;25/04/2017 04:09
62;2;fantasy;1528843929;12/06/2018 22:52
62;2;magic board game;1528843932;12/06/2018 22:52
62;2;Robin Williams;1528843907;12/06/2018 22:51
62;110;beautiful scenery;1528152541;04/06/2018 22:49
62;110;epic;1528152532;04/06/2018 22:48
62;110;historical;1528152523;04/06/2018 22:48
62;110;inspirational;1528152527;04/06/2018 22:48
62;110;Medieval;1528152528;04/06/2018 22:48
62;110;mel gibson;1528152521;04/06/2018 22:48
62;110;Oscar (Best Cinematography);1528152539;04/06/2018 22:48
62;110;revenge;1528152531;04/06/2018 22:48
62;110;sword fight;1528152535;04/06/2018 22:48
62;410;black comedy;1525636607;06/05/2018 19:56
62;410;Christina Ricci;1525636685;06/05/2018 19:58
62;410;Christopher Lloyd;1525636622;06/05/2018 19:57
62;410;dark comedy;1525636610;06/05/2018 19:56
62;410;family;1525636708;06/05/2018 19:58
62;410;gothic;1525636609;06/05/2018 19:56
62;2023;Al Pacino;1525636728;06/05/2018 19:58
62;2023;Andy Garcia;1525636768;06/05/2018 19:59
62;2023;Classic;1525636752;06/05/2018 19:59
62;2023;Francis Ford Coppola;1525636752;06/05/2018 19:59
62;2023;mafia;1525636733;06/05/2018 19:58
62;2124;black comedy;1525636847;06/05/2018 20:00
62;2124;Christina Ricci;1525636867;06/05/2018 20:01
62;2124;Christopher Lloyd;1525636859;06/05/2018 20:00
62;2124;Family;1525636855;06/05/2018 20:00
62;2124;gothic;1525636849;06/05/2018 20:00
62;2124;quirky;1525636846;06/05/2018 20:00
62;2953;family;1525636883;06/05/2018 20:01
62;2953;funny;1525636885;06/05/2018 20:01
62;2953;Macaulay Culkin;1525636890;06/05/2018 20:01
62;2953;sequel;1525636887;06/05/2018 20:01
62;3114;animation;1525636903;06/05/2018 20:01
62;3114;Disney;1525636902;06/05/2018 20:01
62;3114;funny;1525636913;06/05/2018 20:01
62;3114;original;1525636917;06/05/2018 20:01
62;3114;Pixar;1525636901;06/05/2018 20:01
62;3114;sequel;1525636910;06/05/2018 20:01
62;3114;Tom Hanks;1525636925;06/05/2018 20:02
62;3578;ancient Rome;1528152504;04/06/2018 22:48
62;3578;Epic;1528152469;04/06/2018 22:47
62;3578;history;1528152467;04/06/2018 22:47
62;3578;imdb top 250;1528152498;04/06/2018 22:48
62;3578;revenge;1528152496;04/06/2018 22:48
62;3578;Rome;1528152463;04/06/2018 22:47
62;3578;Russell Crowe;1528152465;04/06/2018 22:47
62;4223;Ed Harris;1528024869;03/06/2018 11:21
62;4223;Jude Law;1528024854;03/06/2018 11:20
62;4223;Rachel Weisz;1528024873;03/06/2018 11:21
62;4223;sniper;1528024852;03/06/2018 11:20
62;4223;World War II;1528024877;03/06/2018 11:21
62;5388;Al Pacino;1530310809;29/06/2018 22:20
62;5388;atmospheric;1530310959;29/06/2018 22:22
62;5388;Hilary Swank;1530310952;29/06/2018 22:22
62;5388;Robin Williams;1530310811;29/06/2018 22:20
62;6058;sequel;1525555053;05/05/2018 21:17
62;6058;violent;1525555051;05/05/2018 21:17
62;6534;dogs;1525554096;05/05/2018 21:01
62;6534;Eric Bana;1525554086;05/05/2018 21:01
62;6534;mad scientist;1525554098;05/05/2018 21:01
62;6534;marvel;1525554100;05/05/2018 21:01
62;6541;captain nemo;1525554054;05/05/2018 21:00
62;6541;comic book;1525554028;05/05/2018 21:00
62;6541;gothic;1525554056;05/05/2018 21:00
62;6541;Peta Wilson;1525554040;05/05/2018 21:00
62;6541;Sean Connery;1525554026;05/05/2018 21:00
62;6541;superhero;1525554051;05/05/2018 21:00
62;6564;adventure;1525554439;05/05/2018 21:07
62;6564;Angelina Jolie;1525554432;05/05/2018 21:07
62;6564;heroine in tight suit;1525554441;05/05/2018 21:07
62;7153;Adventure;1528152558;04/06/2018 22:49
62;7153;ensemble cast;1528152578;04/06/2018 22:49
62;7153;fantasy;1528152556;04/06/2018 22:49
62;7153;fantasy world;1528152571;04/06/2018 22:49
62;7153;great soundtrack;1528152575;04/06/2018 22:49
62;7153;lord of the rings;1528152581;04/06/2018 22:49
62;7153;scenic;1528152580;04/06/2018 22:49
62;7153;stylized;1528152577;04/06/2018 22:49
62;7153;Tolkien;1528152561;04/06/2018 22:49
62;8641;hilarious;1526249138;13/05/2018 22:05
62;8641;Steve Carell;1526249156;13/05/2018 22:05
62;8641;Will Ferrell;1526249135;13/05/2018 22:05
62;27660;animation;1525554490;05/05/2018 21:08
62;27660;anime;1525554488;05/05/2018 21:08
62;27660;cyberpunk;1525554486;05/05/2018 21:08
62;27660;dark;1525554500;05/05/2018 21:08
62;27660;Matrix;1525554493;05/05/2018 21:08
62;27660;sci-fi;1525554491;05/05/2018 21:08
62;27706;dark comedy;1526248598;13/05/2018 21:56
62;27706;Jim Carrey;1526248575;13/05/2018 21:56
62;27706;meryl streep;1526248580;13/05/2018 21:56
62;27706;quirky;1526248553;13/05/2018 21:55
62;27706;stylized;1526248601;13/05/2018 21:56
62;27808;Adam Sandler;1525554900;05/05/2018 21:15
62;27808;family;1525554919;05/05/2018 21:15
62;27808;sweet;1525554922;05/05/2018 21:15
62;27831;British gangster;1532723304;27/07/2018 20:28
62;27831;confusing;1532723364;27/07/2018 20:29
62;27831;daniel craig;1532723305;27/07/2018 20:28
62;27831;Exquisite plotting.;1532723355;27/07/2018 20:29
62;27831;organized crime;1532723369;27/07/2018 20:29
62;27831;stylish;1532723356;27/07/2018 20:29
62;27831;Tom Hardy;1532723359;27/07/2018 20:29
62;31658;anime;1525869041;09/05/2018 12:30
62;31658;fantasy world;1525869051;09/05/2018 12:30
62;31658;Hayao Miyazaki;1525869046;09/05/2018 12:30
62;31658;Studio Ghibli;1525869044;09/05/2018 12:30
62;33162;David Thewlis;1525554605;05/05/2018 21:10
62;33162;Eva Green;1525554550;05/05/2018 21:09
62;33162;Liam Neeson;1525554577;05/05/2018 21:09
62;33162;Orlando Bloom;1525554511;05/05/2018 21:08
62;34150;Chris Evans;1525554141;05/05/2018 21:02
62;34150;comic book;1525554003;05/05/2018 21:00
62;34150;heroine in tight suit;1525554138;05/05/2018 21:02
62;34150;Jessica Alba;1525554127;05/05/2018 21:02
62;34150;sexy female scientist;1525554144;05/05/2018 21:02
62;34150;superhero;1525553977;05/05/2018 20:59
62;37729;gothic;1530310527;29/06/2018 22:15
62;37729;helena bonham carter;1530310534;29/06/2018 22:15
62;37729;Johnny Depp;1530310529;29/06/2018 22:15
62;37729;Tim Burton;1530310526;29/06/2018 22:15
62;37729;visually appealing;1530310541;29/06/2018 22:15
62;38061;black comedy;1532723380;27/07/2018 20:29
62;38061;clever;1532723403;27/07/2018 20:30
62;38061;fast-paced dialogue;1532723406;27/07/2018 20:30
62;38061;good dialogue;1532723428;27/07/2018 20:30
62;38061;Robert Downey Jr.;1532723408;27/07/2018 20:30
62;38061;witty;1532723402;27/07/2018 20:30
62;45447;adventure;1525637064;06/05/2018 20:04
62;45447;Audrey Tautou;1525637075;06/05/2018 20:04
62;45447;conspiracy theory;1525637062;06/05/2018 20:04
62;45447;Mystery;1525637081;06/05/2018 20:04
62;45447;Paris;1525637079;06/05/2018 20:04
62;45447;Tom Hanks;1525637067;06/05/2018 20:04
62;45447;treasure hunt;1525637084;06/05/2018 20:04
62;46723;Brad Pitt;1525554217;05/05/2018 21:03
62;46723;cate blanchett;1525554227;05/05/2018 21:03
62;46723;multiple storylines;1525554215;05/05/2018 21:03
62;46723;social commentary;1525554246;05/05/2018 21:04
62;46972;Ben Stiller;1525554254;05/05/2018 21:04
62;46972;Robin Williams;1525554255;05/05/2018 21:04
62;46976;emma thompson;1536874692;13/09/2018 21:38
62;46976;Maggie Gyllenhaal;1536874655;13/09/2018 21:37
62;46976;modern fantasy;1536874658;13/09/2018 21:37
62;46976;romance;1536874651;13/09/2018 21:37
62;46976;surreal;1536874662;13/09/2018 21:37
62;46976;Will Ferrell;1536874653;13/09/2018 21:37
62;49130;Marion Cotillard;1526582371;17/05/2018 18:39
62;49530;Africa;1536874706;13/09/2018 21:38
62;49530;corruption;1536874704;13/09/2018 21:38
62;49530;Jennifer Connelly;1536874701;13/09/2018 21:38
62;49530;justice;1536874709;13/09/2018 21:38
62;49530;Leonardo DiCaprio;1536874698;13/09/2018 21:38
62;53464;bad acting;1525554797;05/05/2018 21:13
62;53464;bad jokes;1525554811;05/05/2018 21:13
62;53464;bad plot;1525554822;05/05/2018 21:13
62;53464;Chris Evans;1525554807;05/05/2018 21:13
62;53464;Jessica Alba;1525554794;05/05/2018 21:13
62;53464;Marvel;1525554792;05/05/2018 21:13
62;53464;sexy female scientist;1525554813;05/05/2018 21:13
62;58047;Rachel Weisz;1528909364;13/06/2018 17:02
62;58047;Ryan Reynolds;1528909347;13/06/2018 17:02
62;59501;fantasy;1525637507;06/05/2018 20:11
62;59501;lion;1525637517;06/05/2018 20:11
62;59501;narnia;1525637508;06/05/2018 20:11
62;59501;Tilda Swinton;1525637603;06/05/2018 20:13
62;60074;bad script;1525554116;05/05/2018 21:01
62;60074;Charlize Theron;1525554121;05/05/2018 21:02
62;60074;Will Smith;1525554107;05/05/2018 21:01
62;60126;Anne Hathaway;1527004240;22/05/2018 15:50
62;60126;Steve Carell;1527004238;22/05/2018 15:50
62;60756;comedy;1528934384;13/06/2018 23:59
62;60756;funny;1528934381;13/06/2018 23:59
62;60756;will ferrell;1528934379;13/06/2018 23:59
62;61024;comedy;1528934218;13/06/2018 23:56
62;61024;James Franco;1528934214;13/06/2018 23:56
62;61024;Seth Rogen;1528934216;13/06/2018 23:56
62;61024;Stoner Movie;1528934219;13/06/2018 23:56
62;63992;audience intelligence underestimated;1528934237;13/06/2018 23:57
62;63992;boring;1528934241;13/06/2018 23:57
62;63992;chick flick;1528934247;13/06/2018 23:57
62;63992;overrated;1528934240;13/06/2018 23:57
62;63992;Teen movie;1528934233;13/06/2018 23:57
62;68848;Adrien Brody;1527274305;25/05/2018 18:51
62;68848;con artists;1527274320;25/05/2018 18:52
62;68848;funny;1527274322;25/05/2018 18:52
62;68848;interesting characters;1527274324;25/05/2018 18:52
62;68848;Mark Ruffalo;1527274316;25/05/2018 18:51
62;68848;Rachel Weisz;1527274311;25/05/2018 18:51
62;71535;Bill Murray;1529777198;23/06/2018 18:06
62;71535;dark comedy;1529777189;23/06/2018 18:06
62;71535;Emma Stone;1529777192;23/06/2018 18:06
62;71535;funny;1529777194;23/06/2018 18:06
62;71535;Jesse Eisenberg;1529777186;23/06/2018 18:06
62;71535;Woody Harrelson;1529777129;23/06/2018 18:05
62;87430;audience intelligence underestimated;1525555172;05/05/2018 21:19
62;87430;CGI;1525555168;05/05/2018 21:19
62;87430;cheesy;1525555170;05/05/2018 21:19
62;87430;comic book;1525555164;05/05/2018 21:19
62;87430;DC;1525555176;05/05/2018 21:19
62;87430;DC Comics;1525555184;05/05/2018 21:19
62;87430;Ryan Reynolds;1525555162;05/05/2018 21:19
62;87430;space;1525555182;05/05/2018 21:19
62;87430;superhero;1525555181;05/05/2018 21:19
62;88405;comedy;1525554879;05/05/2018 21:14
62;88405;funny;1525554868;05/05/2018 21:14
62;88405;happy ending;1525554872;05/05/2018 21:14
62;88405;HOT actress;1525554880;05/05/2018 21:14
62;88405;Justin Timberlake;1525554873;05/05/2018 21:14
62;88405;Mila Kunis;1525554861;05/05/2018 21:14
62;88405;New York City;1525554866;05/05/2018 21:14
62;88405;romance;1525554883;05/05/2018 21:14
62;88405;sex;1525554864;05/05/2018 21:14
62;96861;Istanbul;1529611262;21/06/2018 20:01
62;96861;Liam Neeson;1529611250;21/06/2018 20:00
62;96861;predictable;1529611266;21/06/2018 20:01
62;96861;Turkey;1529611256;21/06/2018 20:00
62;96861;unnecessary sequel;1529611269;21/06/2018 20:01
62;99114;action;1526078792;11/05/2018 22:46
62;99114;Christoph Waltz;1526078766;11/05/2018 22:46
62;99114;funny;1526078778;11/05/2018 22:46
62;99114;good soundtrack;1526078785;11/05/2018 22:46
62;99114;Great performances;1526078768;11/05/2018 22:46
62;99114;Humour;1526078787;11/05/2018 22:46
62;99114;Leonardo DiCaprio;1526078762;11/05/2018 22:46
62;99114;Quentin Tarantino;1526078760;11/05/2018 22:46
62;99114;Samuel L. Jackson;1526078763;11/05/2018 22:46
62;99114;Soundtrack;1526078781;11/05/2018 22:46
62;99114;western;1526078773;11/05/2018 22:46
62;103042;Amy Adams;1525555328;05/05/2018 21:22
62;103042;superhero;1525555319;05/05/2018 21:21
62;104863;daniel radcliffe;1528843968;12/06/2018 22:52
62;104863;zoe kazan;1528843965;12/06/2018 22:52
62;107348;comedy;1528935011;14/06/2018 00:10
62;107348;Steve Carell;1528935000;14/06/2018 00:10
62;107348;stupid but funny;1528935013;14/06/2018 00:10
62;107348;will ferrell;1528935002;14/06/2018 00:10
62;108190;anti-intellectual;1525554841;05/05/2018 21:14
62;108190;bad writing;1525554835;05/05/2018 21:13
62;108190;dystopia;1525554830;05/05/2018 21:13
62;108190;new society;1525554832;05/05/2018 21:13
62;108190;plot holes;1525554845;05/05/2018 21:14
62;108190;predictable;1525554847;05/05/2018 21:14
62;108190;scifi;1525554839;05/05/2018 21:13
62;108190;unintelligent;1525554843;05/05/2018 21:14
62;111743;Charlize Theron;1530471420;01/07/2018 18:57
62;111743;Liam Neeson;1530471434;01/07/2018 18:57
62;111743;Seth MacFarlane;1530471419;01/07/2018 18:56
62;111743;witty;1530471417;01/07/2018 18:56
62;114180;action;1525554460;05/05/2018 21:07
62;114180;dystopia;1525554450;05/05/2018 21:07
62;114180;plot holes;1525554454;05/05/2018 21:07
62;114180;post-apocalyptic;1525554458;05/05/2018 21:07
62;114180;survival;1525554456;05/05/2018 21:07
62;114180;thriller;1525554471;05/05/2018 21:07
62;114180;unexplained;1525554473;05/05/2018 21:07
62;114180;weak plot;1525554463;05/05/2018 21:07
62;115149;dark hero;1528152251;04/06/2018 22:44
62;115149;gun-fu;1528152257;04/06/2018 22:44
62;115149;Keanu Reeves;1528152244;04/06/2018 22:44
62;115149;Revenge;1528152241;04/06/2018 22:44
62;115149;secret society;1528152258;04/06/2018 22:44
62;115149;stylish;1528152247;04/06/2018 22:44
62;116897;black comedy;1528152849;04/06/2018 22:54
62;116897;dark comedy;1528152859;04/06/2018 22:54
62;116897;dark humor;1528152847;04/06/2018 22:54
62;116897;ironic;1528152854;04/06/2018 22:54
62;116897;multiple short stories;1528152862;04/06/2018 22:54
62;116897;short stories;1528152852;04/06/2018 22:54
62;119141;bromance;1525555146;05/05/2018 21:19
62;119141;comedy;1525555138;05/05/2018 21:18
62;119141;funny;1525555129;05/05/2018 21:18
62;119141;James Franco;1525555132;05/05/2018 21:18
62;119141;Seth Rogen;1525555127;05/05/2018 21:18
62;122912;comic book;1526029023;11/05/2018 08:57
62;122912;Dr. Strange;1526029001;11/05/2018 08:56
62;122912;Great villain;1526029025;11/05/2018 08:57
62;122912;Guardians of the Galaxy;1526029015;11/05/2018 08:56
62;122912;Marvel;1526028997;11/05/2018 08:56
62;122912;MCU;1526028983;11/05/2018 08:56
62;122912;Robert Downey Jr.;1526028991;11/05/2018 08:56
62;122912;Thanos;1526028985;11/05/2018 08:56
62;122912;Thor;1526029010;11/05/2018 08:56
62;122912;Visually stunning;1526028994;11/05/2018 08:56
62;128360;characters;1526078910;11/05/2018 22:48
62;128360;Dialogue;1526078902;11/05/2018 22:48
62;128360;humor;1526078901;11/05/2018 22:48
62;128360;Kurt Russell;1526078886;11/05/2018 22:48
62;128360;Quentin Tarantino;1526078877;11/05/2018 22:47
62;128360;Samuel L. Jackson;1526078883;11/05/2018 22:48
62;128360;tension building;1526078880;11/05/2018 22:48
62;128360;violent;1526078912;11/05/2018 22:48
62;128360;Western;1526078899;11/05/2018 22:48
62;135133;dystopia;1525637480;06/05/2018 20:11
62;135133;Jennifer Lawrence;1525637484;06/05/2018 20:11
62;135133;love story;1525637487;06/05/2018 20:11
62;135133;nonsense;1525637488;06/05/2018 20:11
62;135133;politics;1525637499;06/05/2018 20:11
62;135133;rebellion;1525637483;06/05/2018 20:11
62;135133;revolution;1525637481;06/05/2018 20:11
62;135518;Ben Kingsley;1530471365;01/07/2018 18:56
62;135518;ethics;1530471346;01/07/2018 18:55
62;135518;immortality;1530471343;01/07/2018 18:55
62;135518;ryan reynolds;1530471352;01/07/2018 18:55
62;135536;Bad story;1525555090;05/05/2018 21:18
62;135536;Bad writing;1525555084;05/05/2018 21:18
62;135536;Batman;1525555077;05/05/2018 21:17
62;135536;Ben Affleck;1525555106;05/05/2018 21:18
62;135536;comic book;1525555092;05/05/2018 21:18
62;135536;dc comics;1525555080;05/05/2018 21:18
62;135536;good soundtrack;1525555089;05/05/2018 21:18
62;135536;Harley Quinn;1525555079;05/05/2018 21:17
62;135536;Harley Quinn's ass;1525555094;05/05/2018 21:18
62;135536;Horrible directing;1525555099;05/05/2018 21:18
62;135536;Jared Leto;1525555072;05/05/2018 21:17
62;135536;Joker;1525555074;05/05/2018 21:17
62;135536;lack of plot;1525555069;05/05/2018 21:17
62;135536;Margot Robbie;1525555073;05/05/2018 21:17
62;135536;Poor story;1525555087;05/05/2018 21:18
62;135536;poorly paced;1525555083;05/05/2018 21:18
62;135536;superhero;1525555103;05/05/2018 21:18
62;135536;visually appealing;1525555109;05/05/2018 21:18
62;135536;Will Smith;1525555076;05/05/2018 21:17
62;136864;action;1525555242;05/05/2018 21:20
62;136864;batman;1525555211;05/05/2018 21:20
62;136864;ben affleck;1525555223;05/05/2018 21:20
62;136864;dark;1525555227;05/05/2018 21:20
62;136864;dc comics;1525555225;05/05/2018 21:20
62;136864;Gal Gadot;1525555240;05/05/2018 21:20
62;136864;superhero;1525555243;05/05/2018 21:20
62;136864;superman;1525555213;05/05/2018 21:20
62;136864;wonderwoman;1525555233;05/05/2018 21:20
62;139385;leonardo DiCarpio;1526079025;11/05/2018 22:50
62;139385;survival;1526079019;11/05/2018 22:50
62;139385;tom hardy;1526079029;11/05/2018 22:50
62;139385;visually appealing;1526079038;11/05/2018 22:50
62;158966;building a family;1526076353;11/05/2018 22:05
62;158966;creative;1526076341;11/05/2018 22:05
62;158966;freedom;1526076339;11/05/2018 22:05
62;158966;good writing;1526076350;11/05/2018 22:05
62;158966;individualism;1526076344;11/05/2018 22:05
62;158966;Viggo Mortensen;1526076342;11/05/2018 22:05
62;168248;action;1528152295;04/06/2018 22:44
62;168248;dark hero;1528152291;04/06/2018 22:44
62;168248;gun tactics;1528152287;04/06/2018 22:44
62;168248;hitman;1528152293;04/06/2018 22:44
62;168248;Keanu Reeves;1528152284;04/06/2018 22:44
62;168248;organized crime;1528152289;04/06/2018 22:44
62;168248;secret society;1528152282;04/06/2018 22:44
62;174053;Dystopia;1525637341;06/05/2018 20:09
62;174053;future;1525637343;06/05/2018 20:09
62;174053;interesting;1525637346;06/05/2018 20:09
62;174053;jon hamm;1525637384;06/05/2018 20:09
62;174053;thought provoking;1525637344;06/05/2018 20:09
62;179401;Action;1528934538;14/06/2018 00:02
62;179401;Comedy;1528934534;14/06/2018 00:02
62;179401;Dwayne Johnson;1528934540;14/06/2018 00:02
62;179401;funny;1528934536;14/06/2018 00:02
62;183611;Comedy;1526244689;13/05/2018 20:51
62;183611;funny;1526244688;13/05/2018 20:51
62;183611;Rachel McAdams;1526244709;13/05/2018 20:51
62;184471;adventure;1528024900;03/06/2018 11:21
62;184471;Alicia Vikander;1528024914;03/06/2018 11:21
62;184471;video game adaptation;1528024898;03/06/2018 11:21
62;187593;Josh Brolin;1527274096;25/05/2018 18:48
62;187593;Ryan Reynolds;1527274092;25/05/2018 18:48
62;187593;sarcasm;1527274090;25/05/2018 18:48
62;187595;Emilia Clarke;1528934560;14/06/2018 00:02
62;187595;star wars;1528934552;14/06/2018 00:02
63;260;classic;1443199698;25/09/2015 16:48
63;260;space action;1443199710;25/09/2015 16:48
76;260;action;1439165594;10/08/2015 00:13
76;260;sci-fi;1439165588;10/08/2015 00:13
103;260;EPIC;1431954312;18/05/2015 13:05
103;260;great soundtrack;1431954337;18/05/2015 13:05
103;296;good dialogue;1431954555;18/05/2015 13:09
103;296;great soundtrack;1431954555;18/05/2015 13:09
103;296;non-linear;1431954555;18/05/2015 13:09
106;4896;Everything you want is here;1467566944;03/07/2016 17:29
106;106489;adventure;1467566979;03/07/2016 17:29
112;260;classic sci-fi;1442535682;18/09/2015 00:21
112;260;engrossing adventure;1442535673;18/09/2015 00:21
112;260;EPIC;1442535666;18/09/2015 00:21
119;260;classic;1435942530;03/07/2015 16:55
119;260;Nerd;1435942520;03/07/2015 16:55
119;101142;animation;1436563067;10/07/2015 21:17
119;101142;funny;1436563067;10/07/2015 21:17
119;101142;stone age;1436563067;10/07/2015 21:17
119;115149;action;1437763143;24/07/2015 18:39
119;115149;killer;1437763143;24/07/2015 18:39
119;115149;widows/widowers;1437763143;24/07/2015 18:39
119;115617;animation;1435944890;03/07/2015 17:34
119;115617;kids;1435944890;03/07/2015 17:34
119;115617;robots;1435944890;03/07/2015 17:34
119;120635;action;1438439306;01/08/2015 14:28
119;120635;murder;1438439306;01/08/2015 14:28
119;120635;police;1438439306;01/08/2015 14:28
125;1726;Kevin Costner;1474483317;21/09/2016 18:41
125;1726;Post apocalyptic;1474483320;21/09/2016 18:42
125;2387;dark comedy;1474382225;20/09/2016 14:37
125;2387;dark humor;1474382223;20/09/2016 14:37
125;3052;irreverent;1474592072;23/09/2016 00:54
125;3052;jay and silent bob;1474592004;23/09/2016 00:53
125;3052;Kevin Smith;1474592000;23/09/2016 00:53
125;3052;satire;1474591997;23/09/2016 00:53
125;5088;irreverent;1474592207;23/09/2016 00:56
125;7022;based on a book;1474381749;20/09/2016 14:29
125;7022;bloody;1474381755;20/09/2016 14:29
125;7022;brutal;1474381612;20/09/2016 14:26
125;7022;controversial;1474381812;20/09/2016 14:30
125;7022;dystopia;1474381779;20/09/2016 14:29
125;7022;goretastic;1474381786;20/09/2016 14:29
125;7022;satire;1474381739;20/09/2016 14:28
125;7022;social commentary;1474381788;20/09/2016 14:29
125;7022;survival;1474381609;20/09/2016 14:26
125;7022;violence;1474381745;20/09/2016 14:29
125;7254;alternate reality;1474381441;20/09/2016 14:24
125;7254;sci-fi;1474381448;20/09/2016 14:24
125;7254;science fiction;1474381455;20/09/2016 14:24
125;7254;time travel;1474381439;20/09/2016 14:23
125;8957;brutal;1474382001;20/09/2016 14:33
125;8957;clever;1474382019;20/09/2016 14:33
125;8957;Disturbing;1474382015;20/09/2016 14:33
125;8957;great ending;1474381987;20/09/2016 14:33
125;8957;mindfuck;1474381982;20/09/2016 14:33
125;8957;surprise ending;1474381973;20/09/2016 14:32
125;8957;suspense;1474381994;20/09/2016 14:33
125;9010;cruel characters;1474381529;20/09/2016 14:25
125;42632;brutality;1474381492;20/09/2016 14:24
125;58301;dark humor;1474381561;20/09/2016 14:26
125;60950;threesome;1474591817;23/09/2016 00:50
125;62434;Seth Rogen;1474592476;23/09/2016 01:01
125;62434;Sexual Humor;1474592473;23/09/2016 01:01
125;67695;Seth Rogen;1474382123;20/09/2016 14:35
125;100083;embarassing scenes;1474377075;20/09/2016 13:11
125;100083;offensive;1474377060;20/09/2016 13:11
125;100083;R language;1474377035;20/09/2016 13:10
125;100083;sarcasm;1474377015;20/09/2016 13:10
125;100083;satire;1474381901;20/09/2016 14:31
125;156371;80's;1474469700;21/09/2016 14:55
125;158872;Crude humor;1474382035;20/09/2016 14:33
125;158872;mindfuck;1474382087;20/09/2016 14:34
125;158872;sarcasm;1474382053;20/09/2016 14:34
125;158872;satire;1474382047;20/09/2016 14:34
125;158872;Vulgar;1474382100;20/09/2016 14:35
132;3556;sofia coppola;1163148016;10/11/2006 08:40
132;6323;John Cusack;1161800041;25/10/2006 18:14
132;6367;Ewan McGregor;1161799885;25/10/2006 18:11
132;6367;Renee Zellweger;1161799951;25/10/2006 18:12
138;59103;jackie chan;1222676394;29/09/2008 08:19
138;59103;kung fu;1222676405;29/09/2008 08:20
161;52287;Something for everyone in this one... saw it without and plan on seeing it with kids!;1176498861;13/04/2007 21:14
166;293;assassin;1188774484;02/09/2007 23:08
166;293;Jean Reno;1188774487;02/09/2007 23:08
166;54286;assassin;1188774519;02/09/2007 23:08
166;54286;assassin-in-training (scene);1188774517;02/09/2007 23:08
166;54286;espionage;1188774515;02/09/2007 23:08
166;54286;Robert Ludlum;1188774524;02/09/2007 23:08
167;104;test tag;1154718872;04/08/2006 19:14
177;115617;feel-good;1435523876;28/06/2015 20:37
177;115617;fun family movie;1435523876;28/06/2015 20:37
177;115617;very funny;1435523876;28/06/2015 20:37
184;2579;black and white;1537094307;16/09/2018 10:38
184;2579;Christopher Nolan;1537094326;16/09/2018 10:38
184;2579;directorial debut;1537094323;16/09/2018 10:38
184;2579;mindfuck;1537094375;16/09/2018 10:39
184;2579;not linear;1537094318;16/09/2018 10:38
184;2579;Twist Ending;1537094309;16/09/2018 10:38
184;3793;action;1537094381;16/09/2018 10:39
184;3793;comic book;1537094359;16/09/2018 10:39
184;3793;hugh jackman;1537094370;16/09/2018 10:39
184;3793;marvel;1537094366;16/09/2018 10:39
184;3793;superhero;1537094354;16/09/2018 10:39
184;4226;dark;1537094453;16/09/2018 10:40
184;4226;Mindfuck;1537094464;16/09/2018 10:41
184;4226;nonlinear;1537094445;16/09/2018 10:40
184;4226;psychology;1537094448;16/09/2018 10:40
184;4226;twist ending;1537094447;16/09/2018 10:40
184;4896;alan rickman;1537094576;16/09/2018 10:42
184;4896;harry potter;1537094544;16/09/2018 10:42
184;4896;humorous;1537094550;16/09/2018 10:42
184;4896;Magic;1537094530;16/09/2018 10:42
184;5388;atmospheric;1537094680;16/09/2018 10:44
184;5388;insomnia;1537094688;16/09/2018 10:44
184;5388;thought-provoking;1537094685;16/09/2018 10:44
184;6283;amazing artwork;1537094506;16/09/2018 10:41
184;6283;anime;1537094487;16/09/2018 10:41
184;6283;sci-fi;1537094503;16/09/2018 10:41
184;27156;anime;1537094261;16/09/2018 10:37
184;27156;end of the world;1537094269;16/09/2018 10:37
184;27156;epic;1537094270;16/09/2018 10:37
184;27156;mecha;1537094278;16/09/2018 10:37
184;27156;psychology;1537094263;16/09/2018 10:37
184;193565;anime;1537098582;16/09/2018 11:49
184;193565;comedy;1537098587;16/09/2018 11:49
184;193565;gintama;1537098603;16/09/2018 11:50
184;193565;remaster;1537098592;16/09/2018 11:49
193;260;classic sci-fi;1435856940;02/07/2015 17:09
193;260;space action;1435856955;02/07/2015 17:09
193;260;space epic;1435856950;02/07/2015 17:09
193;4878;atmospheric;1435857150;02/07/2015 17:12
193;4878;cult film;1435857131;02/07/2015 17:12
193;4878;dreamlike;1435857139;02/07/2015 17:12
193;4878;hallucinatory;1435857144;02/07/2015 17:12
193;4878;psychological;1435857147;02/07/2015 17:12
193;4878;surreal;1435857128;02/07/2015 17:12
193;4878;time travel;1435857135;02/07/2015 17:12
193;7147;dreamlike;1435857017;02/07/2015 17:10
193;7147;sentimental;1435857038;02/07/2015 17:10
193;7147;surreal;1435857020;02/07/2015 17:10
193;7147;Tim Burton;1435857024;02/07/2015 17:10
193;7361;alternate reality;1435857168;02/07/2015 17:12
193;7361;memory;1435857171;02/07/2015 17:12
193;7361;thought-provoking;1435857163;02/07/2015 17:12
193;97938;cinematography;1435857101;02/07/2015 17:11
193;97938;India;1435857092;02/07/2015 17:11
193;97938;surreal;1435857076;02/07/2015 17:11
205;260;oldie but goodie;1519899101;01/03/2018 10:11
205;260;sci-fi;1519899078;01/03/2018 10:11
205;260;Star Wars;1519899108;01/03/2018 10:11
226;6938;big wave;1160681362;12/10/2006 19:29
226;6938;surfing;1160681362;12/10/2006 19:29
226;48780;ummarti2006;1161615435;23/10/2006 14:57
256;126548;funny;1447532592;14/11/2015 20:23
256;126548;high school;1447532575;14/11/2015 20:22
274;68319;comic book;1241762577;08/05/2009 06:02
288;7020;Notable Nudity;1150988077;22/06/2006 14:54
289;3;moldy;1143424860;27/03/2006 02:01
289;3;old;1143424860;27/03/2006 02:01
289;527;moving;1143424895;27/03/2006 02:01
289;1101;predictable;1143424846;27/03/2006 02:00
291;50872;a clever chef rat;1453051551;17/01/2016 17:25
291;50872;inspirational;1453051559;17/01/2016 17:25
291;102007;animation;1453135047;18/01/2016 16:37
291;118696;hope;1453135079;18/01/2016 16:37
300;6711;atmospheric;1425352343;03/03/2015 03:12
305;4034;drugs;1462919721;10/05/2016 22:35
305;4995;mathematics;1464428783;28/05/2016 09:46
305;6502;zombies;1525274359;02/05/2018 15:19
305;6953;DEPRESSING;1462398032;04/05/2016 21:40
305;8641;stupid;1520707078;10/03/2018 18:37
305;34405;predictable;1520284921;05/03/2018 21:22
305;55721;Favelas;1462919777;10/05/2016 22:36
305;83134;black comedy;1518811477;16/02/2018 20:04
318;778;based on a book;1266408710;17/02/2010 12:11
318;778;dark comedy;1266408707;17/02/2010 12:11
318;778;narrated;1266408703;17/02/2010 12:11
318;4612;reciprocal spectator;1416086512;15/11/2014 21:21
318;4708;reciprocal spectator;1416086490;15/11/2014 21:21
318;6400;documentary;1315333136;06/09/2011 18:18
318;30892;Animation;1240158590;19/04/2009 16:29
318;30892;Documentary;1240158551;19/04/2009 16:29
318;30892;Henry Darger;1240158560;19/04/2009 16:29
318;48698;the catholic church is the most corrupt organization in history;1276006189;08/06/2010 14:09
318;64034;childish naivity;1242160404;12/05/2009 20:33
318;64034;friendship;1242160427;12/05/2009 20:33
318;68954;adventure;1266408634;17/02/2010 12:10
318;68954;Bechdel Test:Fail;1266408641;17/02/2010 12:10
318;68954;cartoon;1266408638;17/02/2010 12:10
318;68954;children;1266408643;17/02/2010 12:10
318;68954;computer animation;1266408645;17/02/2010 12:10
318;68954;divorce;1266408656;17/02/2010 12:10
318;68954;dogs;1266408658;17/02/2010 12:10
318;68954;dreams;1266408662;17/02/2010 12:11
318;68954;Pixar;1266408675;17/02/2010 12:11
318;71494;Narrative pisstake;1426783741;19/03/2015 16:49
318;81158;american idolatry;1299452954;06/03/2011 23:09
318;82459;atmospheric;1300485463;18/03/2011 21:57
318;82459;Coen Brothers;1300485477;18/03/2011 21:57
318;82459;Jeff Bridges;1300485479;18/03/2011 21:57
318;82459;Matt Damon;1300485480;18/03/2011 21:58
318;82459;predictable;1300485405;18/03/2011 21:56
318;90769;celebrity fetishism;1422524320;29/01/2015 09:38
318;90769;mediacentralism;1422524320;29/01/2015 09:38
318;90769;system holism;1422524320;29/01/2015 09:38
318;96084;city politics;1421145735;13/01/2015 10:42
318;96084;italy;1421145735;13/01/2015 10:42
318;96084;political right versus left;1421145735;13/01/2015 10:42
318;111364;Creature Feature;1414693918;30/10/2014 18:31
318;118784;documentary;1420400992;04/01/2015 19:49
318;118784;music industry;1420400992;04/01/2015 19:49
318;118784;remix culture;1420400992;04/01/2015 19:49
318;127172;film history;1423222565;06/02/2015 11:36
318;127172;poetic;1423222565;06/02/2015 11:36
318;127172;representation of children;1423222565;06/02/2015 11:36
319;364;Disney;1461351898;22/04/2016 19:04
319;364;Disney animated feature;1461351908;22/04/2016 19:05
319;364;Oscar (Best Music - Original Score);1461351919;22/04/2016 19:05
327;1288;music;1234790068;16/02/2009 13:14
327;1923;Ben Stiller;1234789755;16/02/2009 13:09
327;2616;comic book;1234789098;16/02/2009 12:58
327;3481;music;1234788257;16/02/2009 12:44
327;3897;music;1234788979;16/02/2009 12:56
327;8641;awesome;1234789177;16/02/2009 12:59
327;51255;british comedy;1234789115;16/02/2009 12:58
336;1;pixar;1139045764;04/02/2006 09:36
336;153;superhero;1139045840;04/02/2006 09:37
336;552;knights;1139045825;04/02/2006 09:37
336;1246;highschool;1139046768;04/02/2006 09:52
336;32587;cult;1139046748;04/02/2006 09:52
336;33660;boksdrama;1139046203;04/02/2006 09:43
336;34162;stiller;1139046811;04/02/2006 09:53
336;36529;wapendrama;1139046289;04/02/2006 09:44
336;37729;animation;1139047294;04/02/2006 10:01
336;38798;sisters;1139047262;04/02/2006 10:01
341;260;ROBOTS AND ANDROIDS;1439750956;16/08/2015 18:49
341;260;space;1439750961;16/08/2015 18:49
356;2146;post-college;1229142995;13/12/2008 04:36
356;37384;restaurant;1229142458;13/12/2008 04:27
356;40955;transvestite;1229140689;13/12/2008 03:58
356;44889;satire;1229140863;13/12/2008 04:01
356;61323;dark comedy;1228073481;30/11/2008 19:31
357;39;chick flick;1348627867;26/09/2012 02:51
357;39;funny;1348627869;26/09/2012 02:51
357;39;Paul Rudd;1348627871;26/09/2012 02:51
357;39;quotable;1348627873;26/09/2012 02:51
357;39;seen more than once;1348627878;26/09/2012 02:51
357;1059;Amazing Cinematography;1348627235;26/09/2012 02:40
357;1059;Leonardo DiCaprio;1348627233;26/09/2012 02:40
357;1059;shakespeare;1348627264;26/09/2012 02:41
357;1059;updated classics;1348627243;26/09/2012 02:40
357;2762;Atmospheric;1348626902;26/09/2012 02:35
357;2762;Bruce Willis;1348626919;26/09/2012 02:35
357;2762;ghosts;1348626904;26/09/2012 02:35
357;2762;imdb top 250;1348626908;26/09/2012 02:35
357;2762;mindfuck;1348626910;26/09/2012 02:35
357;2762;stylized;1348626915;26/09/2012 02:35
357;2762;twist ending;1348626913;26/09/2012 02:35
357;4370;android(s)/cyborg(s);1348628642;26/09/2012 03:04
357;4370;artificial intelligence;1348628638;26/09/2012 03:03
357;4370;Bittersweet;1348628628;26/09/2012 03:03
357;4370;Steven Spielberg;1348628635;26/09/2012 03:03
357;5464;cinematography;1348627174;26/09/2012 02:39
357;5464;Tom Hanks;1348627179;26/09/2012 02:39
357;7078;Bette Davis;1348628505;26/09/2012 03:01
357;7078;Oscar (Best Actress);1348628502;26/09/2012 03:01
357;7444;Mark Ruffalo;1348627960;26/09/2012 02:52
357;7451;clever;1348627907;26/09/2012 02:51
357;7451;High School;1348627902;26/09/2012 02:51
357;7451;lesbian subtext;1348627909;26/09/2012 02:51
357;48516;Leonardo DiCaprio;1348627149;26/09/2012 02:39
357;48516;suspense;1348627152;26/09/2012 02:39
357;48516;twist ending;1348627154;26/09/2012 02:39
357;48516;undercover cop;1348627156;26/09/2012 02:39
357;54997;Christian Bale;1348627195;26/09/2012 02:39
357;55290;Casey Affleck;1348627116;26/09/2012 02:38
357;55290;great performances;1348627127;26/09/2012 02:38
357;55290;twist;1348627131;26/09/2012 02:38
357;91500;ending;1348626941;26/09/2012 02:35
357;91529;Anne Hathaway;1348626758;26/09/2012 02:32
357;91529;Christian Bale;1348626755;26/09/2012 02:32
357;91529;Christopher Nolan;1348626760;26/09/2012 02:32
357;91529;comic book;1348626775;26/09/2012 02:32
357;91529;great ending;1348626779;26/09/2012 02:32
357;91529;Morgan Freeman;1348626766;26/09/2012 02:32
357;91529;political commentary;1348626786;26/09/2012 02:33
357;91529;superhero;1348626790;26/09/2012 02:33
419;98961;Afghanistan;1362867327;09/03/2013 22:15
419;98961;American propaganda;1362867290;09/03/2013 22:14
419;98961;assassination;1362867308;09/03/2013 22:15
419;98961;military;1362867315;09/03/2013 22:15
419;98961;terrorism;1362867303;09/03/2013 22:15
424;32;time travel;1457901872;13/03/2016 20:44
424;47;mystery;1457842470;13/03/2016 04:14
424;47;twist ending;1457842458;13/03/2016 04:14
424;50;mindfuck;1457842328;13/03/2016 04:12
424;50;suspense;1457842315;13/03/2016 04:11
424;50;thriller;1457842332;13/03/2016 04:12
424;50;tricky;1457842340;13/03/2016 04:12
424;50;twist ending;1457842306;13/03/2016 04:11
424;147;addiction;1457901627;13/03/2016 20:40
424;147;heroin;1457901631;13/03/2016 20:40
424;147;Leonardo DiCaprio;1457901625;13/03/2016 20:40
424;147;Mark Wahlberg;1457901624;13/03/2016 20:40
424;175;controversial;1457901665;13/03/2016 20:41
424;175;New York City;1457901671;13/03/2016 20:41
424;175;Nudity (Full Frontal);1457901668;13/03/2016 20:41
424;223;cynical;1457844066;13/03/2016 04:41
424;223;hilarious;1457844086;13/03/2016 04:41
424;223;independent film;1457844084;13/03/2016 04:41
424;223;quirky;1457844073;13/03/2016 04:41
424;223;witty;1457844080;13/03/2016 04:41
424;260;classic sci-fi;1457900772;13/03/2016 20:26
424;260;sci-fi;1457900766;13/03/2016 20:26
424;260;space adventure;1457900770;13/03/2016 20:26
424;260;Star Wars;1457900775;13/03/2016 20:26
424;288;brutality;1457846184;13/03/2016 05:16
424;288;controversial;1457846195;13/03/2016 05:16
424;288;dark comedy;1457846180;13/03/2016 05:16
424;288;psychedelic;1457846191;13/03/2016 05:16
424;288;satire;1457846198;13/03/2016 05:16
424;288;stylized;1457846189;13/03/2016 05:16
424;296;cult film;1457844546;13/03/2016 04:49
424;296;drugs;1457844550;13/03/2016 04:49
424;296;Quentin Tarantino;1457844541;13/03/2016 04:49
424;296;Tarantino;1457844557;13/03/2016 04:49
424;364;soundtrack;1457845497;13/03/2016 05:04
424;527;thought-provoking;1457901041;13/03/2016 20:30
424;541;sci-fi;1457900918;13/03/2016 20:28
424;589;apocalypse;1457844854;13/03/2016 04:54
424;589;Arnold Schwarzenegger;1457844841;13/03/2016 04:54
424;589;nuclear war;1457844861;13/03/2016 04:54
424;589;sci-fi;1457844847;13/03/2016 04:54
424;589;Suspense;1457844864;13/03/2016 04:54
424;589;time travel;1457844843;13/03/2016 04:54
424;608;based on a true story;1457900882;13/03/2016 20:28
424;608;dark comedy;1457900870;13/03/2016 20:27
424;608;KIDNAPPING;1457900877;13/03/2016 20:27
424;608;Steve Buscemi;1457900865;13/03/2016 20:27
424;628;edward norton;1457843774;13/03/2016 04:36
424;628;psychology;1457843776;13/03/2016 04:36
424;628;suspense;1457843782;13/03/2016 04:36
424;628;thought-provoking;1457843780;13/03/2016 04:36
424;628;twist ending;1457843771;13/03/2016 04:36
424;1089;ensemble cast;1457844739;13/03/2016 04:52
424;1089;nonlinear;1457844742;13/03/2016 04:52
424;1089;Quentin Tarantino;1457844729;13/03/2016 04:52
424;1089;stylized;1457844737;13/03/2016 04:52
424;1120;freedom of expression;1457845558;13/03/2016 05:05
424;1136;british comedy;1457901498;13/03/2016 20:38
424;1136;Monty Python;1457901496;13/03/2016 20:38
424;1193;emotional;1457843688;13/03/2016 04:34
424;1193;jack nicholson;1457843684;13/03/2016 04:34
424;1198;adventure;1457901129;13/03/2016 20:32
424;1198;archaeology;1457901464;13/03/2016 20:37
424;1198;indiana jones;1457901132;13/03/2016 20:32
424;1198;Steven Spielberg;1457901466;13/03/2016 20:37
424;1198;treasure hunt;1457901471;13/03/2016 20:37
424;1200;action;1457901258;13/03/2016 20:34
424;1200;aliens;1457901252;13/03/2016 20:34
424;1200;horror;1457901265;13/03/2016 20:34
424;1200;sci-fi;1457901245;13/03/2016 20:34
424;1200;space;1457901261;13/03/2016 20:34
424;1200;space craft;1457901274;13/03/2016 20:34
424;1200;SPACE TRAVEL;1457901269;13/03/2016 20:34
424;1200;suspense;1457901256;13/03/2016 20:34
424;1219;Alfred Hitchcock;1457902455;13/03/2016 20:54
424;1219;psychology;1457902459;13/03/2016 20:54
424;1219;suspenseful;1457902452;13/03/2016 20:54
424;1219;tense;1457902461;13/03/2016 20:54
424;1240;Action;1457901308;13/03/2016 20:35
424;1240;artificial intelligence;1457901313;13/03/2016 20:35
424;1240;robots;1457901305;13/03/2016 20:35
424;1240;Sci-Fi;1457901302;13/03/2016 20:35
424;1240;special effects;1457901322;13/03/2016 20:35
424;1240;tense;1457901319;13/03/2016 20:35
424;1240;time travel;1457901300;13/03/2016 20:35
424;1258;atmospheric;1457843344;13/03/2016 04:29
424;1258;disturbing;1457843347;13/03/2016 04:29
424;1258;Horror;1457843352;13/03/2016 04:29
424;1258;jack nicholson;1457843340;13/03/2016 04:29
424;1258;masterpiece;1457843354;13/03/2016 04:29
424;1258;psychological;1457843342;13/03/2016 04:29
424;1258;Stanley Kubrick;1457843338;13/03/2016 04:28
424;1258;suspense;1457843361;13/03/2016 04:29
424;1343;horror;1457846257;13/03/2016 05:17
424;1343;Juliette Lewis;1457846244;13/03/2016 05:17
424;1343;Martin Scorsese;1457846252;13/03/2016 05:17
424;1343;Robert De Niro;1457846254;13/03/2016 05:17
424;1625;mindfuck;1457845252;13/03/2016 05:00
424;1625;Mystery;1457845249;13/03/2016 05:00
424;1625;plot twist;1457845255;13/03/2016 05:00
424;1625;psychological;1457845247;13/03/2016 05:00
424;1625;suspense;1457845258;13/03/2016 05:00
424;1625;twist ending;1457845244;13/03/2016 05:00
424;1704;inspirational;1457844971;13/03/2016 04:56
424;1921;hallucinatory;1457902516;13/03/2016 20:55
424;1921;mental illness;1457902477;13/03/2016 20:54
424;1921;mindfuck;1457902518;13/03/2016 20:55
424;1921;paranoid;1457902521;13/03/2016 20:55
424;1923;Ben Stiller;1457846503;13/03/2016 05:21
424;1923;crude humor;1457846506;13/03/2016 05:21
424;1923;goofy;1457846511;13/03/2016 05:21
424;2160;Atmospheric;1457843300;13/03/2016 04:28
424;2160;creepy;1457843317;13/03/2016 04:28
424;2160;paranoia;1457843298;13/03/2016 04:28
424;2160;scary;1457843295;13/03/2016 04:28
424;2160;suspense;1457843308;13/03/2016 04:28
424;2296;SNL;1457846704;13/03/2016 05:25
424;2329;thought-provoking;1457843729;13/03/2016 04:35
424;2505;Nicolas Cage;1457902180;13/03/2016 20:49
424;2571;martial arts;1457842912;13/03/2016 04:21
424;2571;sci-fi;1457842899;13/03/2016 04:21
424;2700;adult humor;1457844390;13/03/2016 04:46
424;2700;controversial;1457844399;13/03/2016 04:46
424;2700;crude humor;1457844397;13/03/2016 04:46
424;2700;free speech;1457844402;13/03/2016 04:46
424;2700;parody;1457844393;13/03/2016 04:46
424;2700;satire;1457844392;13/03/2016 04:46
424;2700;south park;1457844407;13/03/2016 04:46
424;2700;Trey Parker;1457844412;13/03/2016 04:46
424;2959;dark comedy;1457842797;13/03/2016 04:19
424;2959;psychology;1457842802;13/03/2016 04:20
424;2959;thought-provoking;1457842786;13/03/2016 04:19
424;2959;twist ending;1457842777;13/03/2016 04:19
424;3176;based on a book;1457845042;13/03/2016 04:57
424;3176;creepy;1457845033;13/03/2016 04:57
424;3176;disturbing;1457845029;13/03/2016 04:57
424;3176;Jude Law;1457845026;13/03/2016 04:57
424;3176;murder;1457845038;13/03/2016 04:57
424;3176;obsession;1457845036;13/03/2016 04:57
424;3176;psychology;1457845023;13/03/2016 04:57
424;3176;secrets;1457845045;13/03/2016 04:57
424;3176;serial killer;1457845031;13/03/2016 04:57
424;3176;suspense;1457845041;13/03/2016 04:57
424;3186;asylum;1457846005;13/03/2016 05:13
424;3186;based on a true story;1457846002;13/03/2016 05:13
424;3186;Brittany Murphy;1457846009;13/03/2016 05:13
424;3186;Mental Hospital;1457846012;13/03/2016 05:13
424;3186;psychology;1457845994;13/03/2016 05:13
424;3186;winona ryder;1457845998;13/03/2016 05:13
424;3499;claustrophobic;1457846281;13/03/2016 05:18
424;3499;horror;1457846287;13/03/2016 05:18
424;3499;scary;1457846295;13/03/2016 05:18
424;3499;stephen king;1457846291;13/03/2016 05:18
424;3499;suspenseful;1457846279;13/03/2016 05:17
424;3499;tense;1457846283;13/03/2016 05:18
424;3499;thriller;1457846285;13/03/2016 05:18
424;3527;aliens;1457901283;13/03/2016 20:34
424;3527;sci-fi;1457901285;13/03/2016 20:34
424;3527;scifi cult;1457901288;13/03/2016 20:34
424;3911;satire;1457844176;13/03/2016 04:42
424;3948;comedy;1457846488;13/03/2016 05:21
424;3948;Robert De Niro;1457846484;13/03/2016 05:21
424;4226;mystery;1457842983;13/03/2016 04:23
424;4226;psychological;1457842979;13/03/2016 04:22
424;4226;twist ending;1457842977;13/03/2016 04:22
424;4262;Al Pacino;1457900965;13/03/2016 20:29
424;4816;ben stiller;1457846960;13/03/2016 05:29
424;4816;comedy;1457846970;13/03/2016 05:29
424;4816;David Bowie;1457846952;13/03/2016 05:29
424;4816;goofy;1457846949;13/03/2016 05:29
424;4816;mindless one liners;1457846956;13/03/2016 05:29
424;4816;Will Ferrell;1457846959;13/03/2016 05:29
424;4878;jake gyllenhaal;1457901910;13/03/2016 20:45
424;4993;fantasy;1457901156;13/03/2016 20:32
424;4993;high fantasy;1457901162;13/03/2016 20:32
424;4993;Magic;1457901158;13/03/2016 20:32
424;4993;mythology;1457901174;13/03/2016 20:32
424;4993;tolkien;1457901165;13/03/2016 20:32
424;4993;wizards;1457901168;13/03/2016 20:32
424;5291;black and white;1457845331;13/03/2016 05:02
424;5291;samurai;1457845338;13/03/2016 05:02
424;6016;multiple storylines;1457900999;13/03/2016 20:29
424;6016;true story;1457901005;13/03/2016 20:30
424;6188;comedy;1457846098;13/03/2016 05:14
424;6188;Will Ferrell;1457846100;13/03/2016 05:15
424;6290;Rob Zombie;1457902367;13/03/2016 20:52
424;7361;jim carrey;1457901740;13/03/2016 20:42
424;8641;comedy;1457846537;13/03/2016 05:22
424;8641;Will Ferrell;1457846533;13/03/2016 05:22
424;8950;Christian Bale;1457842841;13/03/2016 04:20
424;8950;creepy;1457842847;13/03/2016 04:20
424;8950;powerful ending;1457842857;13/03/2016 04:20
424;8950;psychology;1457842844;13/03/2016 04:20
424;8950;schizophrenia;1457842854;13/03/2016 04:20
424;8950;twist ending;1457842837;13/03/2016 04:20
424;27020;drugs;1457901575;13/03/2016 20:39
424;27020;lesbian;1457901570;13/03/2016 20:39
424;30825;Ben Stiller;1457846573;13/03/2016 05:22
424;30825;Robert De Niro;1457846569;13/03/2016 05:22
424;34323;Rob Zombie;1457902355;13/03/2016 20:52
424;40278;Jake Gyllenhaal;1457846443;13/03/2016 05:20
424;40278;Modern war;1457846449;13/03/2016 05:20
424;48516;atmospheric;1457843188;13/03/2016 04:26
424;48516;Jack Nicholson;1457843173;13/03/2016 04:26
424;48516;Leonardo DiCaprio;1457843178;13/03/2016 04:26
424;48516;Martin Scorsese;1457843176;13/03/2016 04:26
424;48516;suspense;1457843184;13/03/2016 04:26
424;53127;based on a play;1457923334;14/03/2016 02:42
424;53127;conspiracy theory;1457923313;14/03/2016 02:41
424;53127;creepy;1457923337;14/03/2016 02:42
424;53127;Insanity;1457923284;14/03/2016 02:41
424;53127;paranoia;1457923318;14/03/2016 02:41
424;53127;PTSD;1457923256;14/03/2016 02:40
424;60756;funny;1457846127;13/03/2016 05:15
424;60756;will ferrell;1457846129;13/03/2016 05:15
424;66097;claymation;1457844468;13/03/2016 04:47
424;66097;creepy;1457844484;13/03/2016 04:48
424;66097;dark;1457844475;13/03/2016 04:47
424;66097;dark fairy tale;1457844498;13/03/2016 04:48
424;66097;Surreal;1457844481;13/03/2016 04:48
424;66097;Tim Burton;1457844494;13/03/2016 04:48
424;68157;black comedy;1457844667;13/03/2016 04:51
424;68157;Brad Pitt;1457844663;13/03/2016 04:51
424;68157;Christoph Waltz;1457844660;13/03/2016 04:51
424;68157;Quentin Tarantino;1457844652;13/03/2016 04:50
424;68157;satire;1457844670;13/03/2016 04:51
424;74458;insanity;1457843102;13/03/2016 04:25
424;74458;Leonardo DiCaprio;1457843110;13/03/2016 04:25
424;74458;Martin Scorsese;1457843107;13/03/2016 04:25
424;74458;plot twist;1457843104;13/03/2016 04:25
424;74458;psychological;1457843098;13/03/2016 04:24
424;74458;Psychological Thriller;1457843113;13/03/2016 04:25
424;74458;thought-provoking;1457843122;13/03/2016 04:25
424;79132;action;1457844927;13/03/2016 04:55
424;79132;alternate reality;1457844911;13/03/2016 04:55
424;79132;Leonardo DiCaprio;1457844916;13/03/2016 04:55
424;79132;sci-fi;1457844903;13/03/2016 04:55
424;79132;thought-provoking;1457844920;13/03/2016 04:55
424;79132;visually appealing;1457844914;13/03/2016 04:55
424;81562;stranded;1457901404;13/03/2016 20:36
424;81591;alter ego;1457845684;13/03/2016 05:08
424;81591;atmospheric;1457845658;13/03/2016 05:07
424;81591;creepy;1457845668;13/03/2016 05:07
424;81591;horror;1457845670;13/03/2016 05:07
424;81591;obsession;1457845677;13/03/2016 05:07
424;81591;surreal;1457845661;13/03/2016 05:07
424;102903;illusions;1457845623;13/03/2016 05:07
424;102903;overcomplicated;1457845593;13/03/2016 05:06
424;102903;predictable;1457845596;13/03/2016 05:06
424;102903;stupid ending;1457845587;13/03/2016 05:06
424;104879;absorbing;1457846360;13/03/2016 05:19
424;104879;acting;1457846358;13/03/2016 05:19
424;104879;atmospheric;1457846366;13/03/2016 05:19
424;104879;Hugh Jackman;1457846364;13/03/2016 05:19
424;104879;Jake Gyllenhaal;1457846355;13/03/2016 05:19
424;104879;morality;1457846368;13/03/2016 05:19
424;104879;mystery;1457846378;13/03/2016 05:19
424;104879;thriller;1457846362;13/03/2016 05:19
424;106100;Jared Leto;1457845924;13/03/2016 05:12
424;106100;social commentary;1457845921;13/03/2016 05:12
424;106100;uplifting;1457845933;13/03/2016 05:12
424;106489;fantasy;1457901210;13/03/2016 20:33
424;106489;Tolkien;1457901214;13/03/2016 20:33
424;106489;too long;1457901201;13/03/2016 20:33
424;109487;Christopher Nolan;1457901805;13/03/2016 20:43
424;109487;sci-fi;1457901808;13/03/2016 20:43
424;109487;time-travel;1457901811;13/03/2016 20:43
424;112515;atmospheric;1457843258;13/03/2016 04:27
424;112515;dark;1457843256;13/03/2016 04:27
424;112515;Metaphorical;1457843228;13/03/2016 04:27
424;112515;psychological;1457843261;13/03/2016 04:27
424;112556;annoying;1457845088;13/03/2016 04:58
424;112556;Stupid ending;1457845155;13/03/2016 04:59
435;750;dark comedy;1366676044;23/04/2013 00:14
435;2959;dark comedy;1366676088;23/04/2013 00:14
435;58559;psychology;1366676040;23/04/2013 00:14
435;58559;superhero;1366676054;23/04/2013 00:14
439;5952;Myth;1436944038;15/07/2015 07:07
439;98809;Action;1436944128;15/07/2015 07:08
439;98809;Myth;1436944141;15/07/2015 07:09
462;152711;Cambodia;1478489688;07/11/2016 03:34
462;152711;crime;1478489709;07/11/2016 03:35
462;152711;human rights;1478489696;07/11/2016 03:34
462;152711;murder;1478489701;07/11/2016 03:35
462;152711;procedural;1478489713;07/11/2016 03:35
474;1;pixar;1137206825;14/01/2006 02:47
474;2;game;1137375552;16/01/2006 01:39
474;5;pregnancy;1137373903;16/01/2006 01:11
474;5;remake;1137373903;16/01/2006 01:11
474;7;remake;1137375642;16/01/2006 01:40
474;11;politics;1137374904;16/01/2006 01:28
474;11;president;1137374904;16/01/2006 01:28
474;14;politics;1137375623;16/01/2006 01:40
474;14;president;1137375623;16/01/2006 01:40
474;16;Mafia;1137181640;13/01/2006 19:47
474;17;Jane Austen;1137181153;13/01/2006 19:39
474;21;Hollywood;1137206178;14/01/2006 02:36
474;22;serial killer;1137375496;16/01/2006 01:38
474;25;alcoholism;1138137555;24/01/2006 21:19
474;26;Shakespeare;1138137603;24/01/2006 21:20
474;28;In Netflix queue;1137201942;14/01/2006 01:25
474;28;Jane Austen;1137180037;13/01/2006 19:20
474;29;kidnapping;1138137473;24/01/2006 21:17
474;31;high school;1137375502;16/01/2006 01:38
474;31;teacher;1137375502;16/01/2006 01:38
474;32;time travel;1137206826;14/01/2006 02:47
474;34;Animal movie;1137180956;13/01/2006 19:35
474;34;pigs;1137205237;14/01/2006 02:20
474;36;death penalty;1137202363;14/01/2006 01:32
474;36;Nun;1137191227;13/01/2006 22:27
474;38;twins;1137373760;16/01/2006 01:09
474;39;Emma;1138137492;24/01/2006 21:18
474;39;Jane Austen;1138137492;24/01/2006 21:18
474;40;In Netflix queue;1137202107;14/01/2006 01:28
474;40;South Africa;1137202107;14/01/2006 01:28
474;41;Shakespeare;1138137646;24/01/2006 21:20
474;43;England;1138137640;24/01/2006 21:20
474;45;Journalism;1137206826;14/01/2006 02:47
474;46;wedding;1137375539;16/01/2006 01:38
474;47;serial killer;1137206452;14/01/2006 02:40
474;50;heist;1137206826;14/01/2006 02:47
474;52;adoption;1137206315;14/01/2006 02:38
474;52;prostitution;1137206371;14/01/2006 02:39
474;58;writing;1138137613;24/01/2006 21:20
474;62;music;1137374957;16/01/2006 01:29
474;92;Jekyll and Hyde;1138137574;24/01/2006 21:19
474;96;theater;1138137537;24/01/2006 21:18
474;101;crime;1138137460;24/01/2006 21:17
474;104;golf;1137374014;16/01/2006 01:13
474;107;muppets;1137375573;16/01/2006 01:39
474;110;Scotland;1137180974;13/01/2006 19:36
474;111;assassination;1137206513;14/01/2006 02:41
474;116;Holocaust;1138040398;23/01/2006 18:19
474;122;dating;1137373679;16/01/2006 01:07
474;140;journalism;1137375031;16/01/2006 01:30
474;150;moon;1137205234;14/01/2006 02:20
474;150;NASA;1137180977;13/01/2006 19:36
474;150;space;1137205233;14/01/2006 02:20
474;153;superhero;1137375453;16/01/2006 01:37
474;160;Michael Crichton;1137373726;16/01/2006 01:08
474;161;submarine;1138137497;24/01/2006 21:18
474;162;In Netflix queue;1137202038;14/01/2006 01:27
474;185;computers;1137375604;16/01/2006 01:40
474;199;Made me cry;1137203124;14/01/2006 01:45
474;215;generation X;1138040410;23/01/2006 18:20
474;216;school;1137373675;16/01/2006 01:07
474;222;Ireland;1137181644;13/01/2006 19:47
474;223;generation X;1138137480;24/01/2006 21:18
474;224;mental illness;1138137516;24/01/2006 21:18
474;224;psychology;1138137516;24/01/2006 21:18
474;230;Stephen King;1138137506;24/01/2006 21:18
474;232;In Netflix queue;1137201027;14/01/2006 01:10
474;235;movie business;1137181651;13/01/2006 19:47
474;237;basketball;1138137528;24/01/2006 21:18
474;237;France;1138137528;24/01/2006 21:18
474;237;infertility;1138137528;24/01/2006 21:18
474;246;basketball;1137784780;20/01/2006 19:19
474;247;Australia;1137181666;13/01/2006 19:47
474;249;Beethoven;1137181672;13/01/2006 19:47
474;252;Einstein;1137374021;16/01/2006 01:13
474;257;court;1137375555;16/01/2006 01:39
474;260;darth vader;1137206494;14/01/2006 02:41
474;260;luke skywalker;1137206496;14/01/2006 02:41
474;260;space opera;1137206504;14/01/2006 02:41
474;261;Louisa May Alcott;1137181688;13/01/2006 19:48
474;262;England;1137206203;14/01/2006 02:36
474;262;Girl Power;1137206203;14/01/2006 02:36
474;262;India;1137206203;14/01/2006 02:36
474;272;England;1138137566;24/01/2006 21:19
474;272;mental illness;1138137566;24/01/2006 21:19
474;277;Christmas;1137374027;16/01/2006 01:13
474;279;In Netflix queue;1137202159;14/01/2006 01:29
474;280;prison;1137375585;16/01/2006 01:39
474;282;disability;1137375594;16/01/2006 01:39
474;282;twins;1137375594;16/01/2006 01:39
474;290;In Netflix queue;1137201907;14/01/2006 01:25
474;293;hit men;1138137619;24/01/2006 21:20
474;296;hit men;1137205001;14/01/2006 02:16
474;300;TV;1137206376;14/01/2006 02:39
474;307;Death;1137203087;14/01/2006 01:44
474;308;marriage;1137206827;14/01/2006 02:47
474;316;time travel;1138137673;24/01/2006 21:21
474;317;Christmas;1137374047;16/01/2006 01:14
474;318;prison;1137205060;14/01/2006 02:17
474;318;Stephen King;1137181171;13/01/2006 19:39
474;318;wrongful imprisonment;1137205064;14/01/2006 02:17
474;326;In Netflix queue;1137201797;14/01/2006 01:23
474;329;Enterprise;1137206491;14/01/2006 02:41
474;337;mental illness;1137206828;14/01/2006 02:47
474;338;serial killer;1137375662;16/01/2006 01:41
474;339;coma;1138137781;24/01/2006 21:23
474;342;Australia;1138137593;24/01/2006 21:19
474;342;weddings;1138137593;24/01/2006 21:19
474;345;cross dressing;1138040381;23/01/2006 18:19
474;345;men in drag;1138040381;23/01/2006 18:19
474;345;remade;1138040381;23/01/2006 18:19
474;349;Tom Clancy;1137180961;13/01/2006 19:36
474;350;John Grisham;1137375482;16/01/2006 01:38
474;351;interracial romance;1137374008;16/01/2006 01:13
474;356;shrimp;1137375519;16/01/2006 01:38
474;356;Vietnam;1137375519;16/01/2006 01:38
474;357;wedding;1137375527;16/01/2006 01:38
474;361;gambling;1138137551;24/01/2006 21:19
474;363;Holocaust;1137202123;14/01/2006 01:28
474;363;In Netflix queue;1137202123;14/01/2006 01:28
474;364;Disney;1137180959;13/01/2006 19:35
474;371;journalism;1137375629;16/01/2006 01:40
474;377;bus;1137206476;14/01/2006 02:41
474;380;spies;1137206826;14/01/2006 02:47
474;381;alcoholism;1137375043;16/01/2006 01:30
474;412;Edith Wharton;1137181633;13/01/2006 19:47
474;421;horses;1138040415;23/01/2006 18:20
474;425;mental illness;1138040434;23/01/2006 18:20
474;425;Oscar (Best Actress);1138040434;23/01/2006 18:20
474;440;President;1137191329;13/01/2006 22:28
474;454;John Grisham;1137181658;13/01/2006 19:47
474;457;based on a TV show;1137784717;20/01/2006 19:18
474;471;hula hoop;1137375547;16/01/2006 01:39
474;474;assassination;1138137543;24/01/2006 21:19
474;475;Ireland;1137181677;13/01/2006 19:47
474;477;biopic;1138137776;24/01/2006 21:22
474;480;Dinosaur;1137202921;14/01/2006 01:42
474;488;Japan;1137375570;16/01/2006 01:39
474;488;sexuality;1137375570;16/01/2006 01:39
474;497;Shakespeare;1137181143;13/01/2006 19:39
474;500;cross dressing;1137374959;16/01/2006 01:29
474;500;divorce;1137374961;16/01/2006 01:29
474;500;men in drag;1137374967;16/01/2006 01:29
474;508;AIDs;1137375634;16/01/2006 01:40
474;513;radio;1138137637;24/01/2006 21:20
474;513;show business;1138137637;24/01/2006 21:20
474;515;Butler;1137202599;14/01/2006 01:36
474;515;Housekeeper;1137202599;14/01/2006 01:36
474;516;military;1137374250;16/01/2006 01:17
474;522;Australia;1138137660;24/01/2006 21:21
474;522;racism;1138137660;24/01/2006 21:21
474;522;violence;1138137660;24/01/2006 21:21
474;524;football;1137375002;16/01/2006 01:30
474;527;Holocaust;1137180970;13/01/2006 19:36
474;529;chess;1137181705;13/01/2006 19:48
474;531;In Netflix queue;1137201896;14/01/2006 01:24
474;534;C.S. Lewis;1137181163;13/01/2006 19:39
474;535;large cast;1137206471;14/01/2006 02:41
474;538;race;1138137665;24/01/2006 21:21
474;539;Empire State Building;1137203041;14/01/2006 01:44
474;541;robots;1137375464;16/01/2006 01:37
474;543;beat poetry;1137203057;14/01/2006 01:44
474;551;Christmas;1137375615;16/01/2006 01:40
474;551;Halloween;1137375615;16/01/2006 01:40
474;556;politics;1137375666;16/01/2006 01:41
474;562;adolescence;1137206827;14/01/2006 02:47
474;586;christmas;1137374182;16/01/2006 01:16
474;587;overrated;1137180951;13/01/2006 19:35
474;588;Disney;1137180971;13/01/2006 19:36
474;589;robots;1137206517;14/01/2006 02:41
474;590;American Indians;1137180976;13/01/2006 19:36
474;590;Native Americans;1137180976;13/01/2006 19:36
474;592;superhero;1137206164;14/01/2006 02:36
474;593;Hannibal Lector;1137180982;13/01/2006 19:36
474;594;Disney;1137375648;16/01/2006 01:40
474;595;Disney;1137180963;13/01/2006 19:36
474;596;Disney;1137374224;16/01/2006 01:17
474;597;prostitution;1137206324;14/01/2006 02:38
474;608;Coen Brothers;1137180968;13/01/2006 19:36
474;616;Disney;1138040401;23/01/2006 18:20
474;628;priest;1137375884;16/01/2006 01:44
474;638;babies;1137375798;16/01/2006 01:43
474;647;Gulf War;1137375718;16/01/2006 01:41
474;648;based on a TV show;1138137584;24/01/2006 21:19
474;668;India;1138137607;24/01/2006 21:20
474;670;India;1137181320;13/01/2006 19:42
474;671;spoof;1138137597;24/01/2006 21:19
474;673;Bugs Bunny;1137373978;16/01/2006 01:12
474;708;Veterinarian;1137203107;14/01/2006 01:45
474;720;Aardman;1137206828;14/01/2006 02:47
474;728;In Netflix queue;1137202096;14/01/2006 01:28
474;733;Alcatraz;1137206418;14/01/2006 02:40
474;736;Disaster;1137180960;13/01/2006 19:36
474;745;Aardman;1137206827;14/01/2006 02:47
474;748;aliens;1138137820;24/01/2006 21:23
474;750;Atomic bomb;1137202888;14/01/2006 01:41
474;778;drug abuse;1137191490;13/01/2006 22:31
474;780;aliens;1137206181;14/01/2006 02:36
474;800;In Netflix queue;1137201974;14/01/2006 01:26
474;805;John Grisham;1137375969;16/01/2006 01:46
474;818;based on a TV show;1137375996;16/01/2006 01:46
474;830;adultery;1137374123;16/01/2006 01:15
474;832;kidnapping;1137374242;16/01/2006 01:17
474;838;Jane Austen;1137375748;16/01/2006 01:42
474;852;golf;1137374262;16/01/2006 01:17
474;858;Mafia;1137180955;13/01/2006 19:35
474;892;Shakespeare;1137375988;16/01/2006 01:46
474;898;divorce;1137206322;14/01/2006 02:38
474;899;movie business;1137181713;13/01/2006 19:48
474;900;France;1138137809;24/01/2006 21:23
474;902;Capote;1138137849;24/01/2006 21:24
474;903;falling;1137205255;14/01/2006 02:20
474;904;voyeurism;1137206380;14/01/2006 02:39
474;905;Screwball;1137202499;14/01/2006 01:34
474;906;Brooch;1137191231;13/01/2006 22:27
474;907;divorce;1137375780;16/01/2006 01:43
474;908;Mount Rushmore;1138137968;24/01/2006 21:26
474;909;adultery;1137206162;14/01/2006 02:36
474;910;men in drag;1137191481;13/01/2006 22:31
474;911;heist;1138306780;26/01/2006 20:19
474;912;start of a beautiful friendship;1137202319;14/01/2006 01:31
474;913;statue;1137206229;14/01/2006 02:37
474;914;George Bernard Shaw;1137202973;14/01/2006 01:42
474;915;rich guy - poor girl;1137206449;14/01/2006 02:40
474;916;Italy;1137206429;14/01/2006 02:40
474;916;royalty;1137206429;14/01/2006 02:40
474;918;1900s;1138137949;24/01/2006 21:25
474;919;Dorothy;1137205270;14/01/2006 02:21
474;919;Toto;1137205270;14/01/2006 02:21
474;920;Civil War;1137374145;16/01/2006 01:15
474;921;television;1137375857;16/01/2006 01:44
474;922;movies;1137207406;14/01/2006 02:56
474;923;Rosebud;1137202868;14/01/2006 01:41
474;924;Hal;1137368035;15/01/2006 23:33
474;924;space;1137368035;15/01/2006 23:33
474;926;Hollywood;1137202821;14/01/2006 01:40
474;927;divorce;1137368140;15/01/2006 23:35
474;928;Mrs. DeWinter;1137202590;14/01/2006 01:36
474;929;Europe;1140441887;20/02/2006 13:24
474;929;journalism;1140441887;20/02/2006 13:24
474;929;war;1140441887;20/02/2006 13:24
474;930;assassination;1137207035;14/01/2006 02:50
474;931;amnesia;1138137999;24/01/2006 21:26
474;934;wedding;1137375767;16/01/2006 01:42
474;936;Cold War;1137521228;17/01/2006 18:07
474;936;Russia;1137521228;17/01/2006 18:07
474;938;prostitution;1137374937;16/01/2006 01:28
474;940;swashbuckler;1138137798;24/01/2006 21:23
474;941;swashbuckler;1138137943;24/01/2006 21:25
474;943;ghosts;1138306878;26/01/2006 20:21
474;944;Shangri-La;1137207008;14/01/2006 02:50
474;945;Astaire and Rogers;1137181301;13/01/2006 19:41
474;947;butler;1137521096;17/01/2006 18:04
474;947;homeless;1137521096;17/01/2006 18:04
474;947;screwball;1137521103;17/01/2006 18:05
474;948;oil;1137206938;14/01/2006 02:48
474;950;Nick and Nora Charles;1137200994;14/01/2006 01:09
474;951;Screwball;1137202906;14/01/2006 01:41
474;952;race;1137375685;16/01/2006 01:41
474;953;Christmas;1138137927;24/01/2006 21:25
474;954;Politics;1137202956;14/01/2006 01:42
474;955;leopard;1137368052;15/01/2006 23:34
474;955;screwball;1137368052;15/01/2006 23:34
474;956;adoption;1137207058;14/01/2006 02:50
474;965;fugitive;1137206861;14/01/2006 02:47
474;968;zombies;1137181787;13/01/2006 19:49
474;969;missionary;1137202249;14/01/2006 01:30
474;970;crime;1138306770;26/01/2006 20:19
474;971;Tennessee Williams;1138137870;24/01/2006 21:24
474;973;journalism;1138306956;26/01/2006 20:22
474;976;Hemingway;1137375762;16/01/2006 01:42
474;986;Animal movie;1137181755;13/01/2006 19:49
474;991;Ireland;1137375821;16/01/2006 01:43
474;994;food;1138137832;24/01/2006 21:23
474;1006;death penalty;1138137880;24/01/2006 21:24
474;1006;John Grisham;1138137880;24/01/2006 21:24
474;1010;Disney;1137375809;16/01/2006 01:43
474;1010;race;1137375809;16/01/2006 01:43
474;1013;twins;1137375864;16/01/2006 01:44
474;1022;Disney;1137181749;13/01/2006 19:49
474;1025;Disney;1137375959;16/01/2006 01:45
474;1025;King Arthur;1137375959;16/01/2006 01:45
474;1028;Disney;1137375815;16/01/2006 01:43
474;1028;nanny;1137375815;16/01/2006 01:43
474;1029;Disney;1137375741;16/01/2006 01:42
474;1030;Disney;1137374219;16/01/2006 01:16
474;1032;Disney;1137374073;16/01/2006 01:14
474;1033;Disney;1137202900;14/01/2006 01:41
474;1035;Rogers and Hammerstein;1137181179;13/01/2006 19:39
474;1041;In Netflix queue;1137201463;14/01/2006 01:17
474;1042;Music;1137203070;14/01/2006 01:44
474;1059;Shakespeare;1137181313;13/01/2006 19:41
474;1066;Astaire and Rogers;1137181830;13/01/2006 19:50
474;1068;anti-Semitism;1138306851;26/01/2006 20:20
474;1076;governess;1137521394;17/01/2006 18:09
474;1079;fish;1137202895;14/01/2006 01:41
474;1080;Bible;1137375841;16/01/2006 01:44
474;1080;parody;1137375841;16/01/2006 01:44
474;1080;religion;1137375841;16/01/2006 01:44
474;1081;cross dressing;1138138013;24/01/2006 21:26
474;1082;politics;1138137861;24/01/2006 21:24
474;1084;1920s;1138137844;24/01/2006 21:24
474;1084;gangsters;1138137844;24/01/2006 21:24
474;1088;dance;1138306856;26/01/2006 20:20
474;1088;music;1138306856;26/01/2006 20:20
474;1089;heist;1137207100;14/01/2006 02:51
474;1089;violence;1137207100;14/01/2006 02:51
474;1090;Vietnam;1138137990;24/01/2006 21:26
474;1093;1960s;1137375736;16/01/2006 01:42
474;1093;Jim Morrison;1137375736;16/01/2006 01:42
474;1093;music;1137375736;16/01/2006 01:42
474;1096;Holocaust;1137375015;16/01/2006 01:30
474;1097;aliens;1137521204;17/01/2006 18:06
474;1101;Navy;1138138004;24/01/2006 21:26
474;1103;1950s;1137207088;14/01/2006 02:51
474;1103;adolescence;1137207088;14/01/2006 02:51
474;1104;Tennessee Williams;1137207146;14/01/2006 02:52
474;1124;aging;1137207041;14/01/2006 02:50
474;1125;Clousseau;1137375898;16/01/2006 01:44
474;1135;military;1137374233;16/01/2006 01:17
474;1136;England;1137202949;14/01/2006 01:42
474;1136;King Arthur;1137202949;14/01/2006 01:42
474;1147;boxing;1137201093;14/01/2006 01:11
474;1147;In Netflix queue;1137201093;14/01/2006 01:11
474;1148;Aardman;1137368133;15/01/2006 23:35
474;1171;politics;1137181738;13/01/2006 19:48
474;1177;Italy;1137191228;13/01/2006 22:27
474;1178;court;1137521169;17/01/2006 18:06
474;1178;military;1137521169;17/01/2006 18:06
474;1179;crime;1138306883;26/01/2006 20:21
474;1183;adultery;1137374103;16/01/2006 01:15
474;1185;In Netflix queue;1137201055;14/01/2006 01:10
474;1187;disability;1137207053;14/01/2006 02:50
474;1188;Australia;1137202649;14/01/2006 01:37
474;1188;dance;1137202649;14/01/2006 01:37
474;1189;In Netflix queue;1137201133;14/01/2006 01:12
474;1189;police;1137201133;14/01/2006 01:12
474;1193;mental illness;1138137985;24/01/2006 21:26
474;1196;I am your father;1137202639;14/01/2006 01:37
474;1196;space;1137205077;14/01/2006 02:17
474;1196;space opera;1137205075;14/01/2006 02:17
474;1197;Inigo Montoya;1137202999;14/01/2006 01:43
474;1197;six-fingered man;1137202999;14/01/2006 01:43
474;1198;archaeology;1137784496;20/01/2006 19:14
474;1198;ark of the covenant;1137207066;14/01/2006 02:51
474;1198;indiana jones;1137207064;14/01/2006 02:51
474;1200;space;1138137801;24/01/2006 21:23
474;1201;spaghetti western;1138137912;24/01/2006 21:25
474;1203;court;1137206845;14/01/2006 02:47
474;1204;Middle East;1137206997;14/01/2006 02:49
474;1206;brainwashing;1138137889;24/01/2006 21:24
474;1207;Harper Lee;1137191542;13/01/2006 22:32
474;1207;racism;1137191542;13/01/2006 22:32
474;1208;Vietnam;1138137816;24/01/2006 21:23
474;1209;spaghetti western;1138137976;24/01/2006 21:26
474;1210;darth vader;1137207127;14/01/2006 02:52
474;1210;luke skywalker;1137207127;14/01/2006 02:52
474;1210;space opera;1137207127;14/01/2006 02:52
474;1212;ferris wheel;1137201067;14/01/2006 01:11
474;1212;Venice;1143683500;30/03/2006 01:51
474;1212;zither;1143683500;30/03/2006 01:51
474;1213;Mafia;1138137920;24/01/2006 21:25
474;1214;aliens;1137766234;20/01/2006 14:10
474;1217;samurai;1137207077;14/01/2006 02:51
474;1219;Norman Bates;1137203028;14/01/2006 01:43
474;1220;Saturday Night Live;1137375705;16/01/2006 01:41
474;1221;Mafia;1137181066;13/01/2006 19:37
474;1222;Vietnam;1137181761;13/01/2006 19:49
474;1223;moon;1137205261;14/01/2006 02:21
474;1224;Shakespeare;1137181778;13/01/2006 19:49
474;1225;Mozart;1137181247;13/01/2006 19:40
474;1225;Salieri;1137181247;13/01/2006 19:40
474;1228;boxing;1137375891;16/01/2006 01:44
474;1230;New York;1137206872;14/01/2006 02:47
474;1231;NASA;1137181802;13/01/2006 19:50
474;1231;space;1137207104;14/01/2006 02:51
474;1233;submarine;1138137835;24/01/2006 21:23
474;1234;The Entertainer;1137520998;17/01/2006 18:03
474;1235;May-December romance;1137206961;14/01/2006 02:49
474;1237;chess;1137375008;16/01/2006 01:30
474;1237;death;1137375008;16/01/2006 01:30
474;1240;robots;1137368088;15/01/2006 23:34
474;1242;Civil War;1137181272;13/01/2006 19:41
474;1243;Shakespeare sort of;1137181815;13/01/2006 19:50
474;1244;black and white;1138306904;26/01/2006 20:21
474;1245;Mafia;1137375832;16/01/2006 01:43
474;1246;High School;1137191334;13/01/2006 22:28
474;1247;Simon and Garfunkel;1137181084;13/01/2006 19:38
474;1249;hit men;1138137899;24/01/2006 21:24
474;1250;POW;1137206891;14/01/2006 02:48
474;1252;incest;1137521080;17/01/2006 18:04
474;1253;aliens;1137206910;14/01/2006 02:48
474;1254;Cold;1137203094;14/01/2006 01:44
474;1257;skiing;1137375698;16/01/2006 01:41
474;1258;Stephen King;1137181824;13/01/2006 19:50
474;1259;Stephen King;1137181838;13/01/2006 19:50
474;1260;serial killer;1137207017;14/01/2006 02:50
474;1262;POW;1137206951;14/01/2006 02:49
474;1263;Vietnam;1137375724;16/01/2006 01:42
474;1266;revenge;1138031666;23/01/2006 15:54
474;1267;assassination;1137207027;14/01/2006 02:50
474;1267;brainwashing;1137207027;14/01/2006 02:50
474;1269;murder;1138137828;24/01/2006 21:23
474;1270;time travel;1137202832;14/01/2006 01:40
474;1272;World War II;1137181795;13/01/2006 19:49
474;1276;prison;1137520930;17/01/2006 18:02
474;1277;In Netflix queue;1137201859;14/01/2006 01:24
474;1278;spoof;1138031675;23/01/2006 15:54
474;1280;In Netflix queue;1137201087;14/01/2006 01:11
474;1281;Nazis;1137206944;14/01/2006 02:49
474;1282;Disney;1137375752;16/01/2006 01:42
474;1283;gunfight;1138306895;26/01/2006 20:21
474;1284;Hammett;1138306774;26/01/2006 20:19
474;1285;high school;1137368062;15/01/2006 23:34
474;1288;heavy metal;1137368105;15/01/2006 23:35
474;1288;mockumentary;1137368105;15/01/2006 23:35
474;1288;music;1137368105;15/01/2006 23:35
474;1291;archaeology;1137206982;14/01/2006 02:49
474;1291;Holy Grail;1137206982;14/01/2006 02:49
474;1292;television;1137206878;14/01/2006 02:47
474;1293;India;1137191587;13/01/2006 22:33
474;1296;E. M. Forster;1137191679;13/01/2006 22:34
474;1299;Cambodia;1138137933;24/01/2006 21:25
474;1299;Vietnam;1138137933;24/01/2006 21:25
474;1301;Shakespeare sort of;1138306870;26/01/2006 20:21
474;1301;space;1138306870;26/01/2006 20:21
474;1302;baseball;1138137903;24/01/2006 21:25
474;1303;India;1138031736;23/01/2006 15:55
474;1304;crime;1138137854;24/01/2006 21:24
474;1307;New York;1137202686;14/01/2006 01:38
474;1333;birds;1137202841;14/01/2006 01:40
474;1343;remake;1137181261;13/01/2006 19:41
474;1344;lawyer;1137202856;14/01/2006 01:40
474;1345;high school;1137784649;20/01/2006 19:17
474;1345;prom;1137784649;20/01/2006 19:17
474;1345;Stephen King;1137784649;20/01/2006 19:17
474;1348;vampires;1137374972;16/01/2006 01:29
474;1350;demons;1137368289;15/01/2006 23:38
474;1353;personals ads;1137202938;14/01/2006 01:42
474;1354;religion;1137202850;14/01/2006 01:40
474;1356;Borg;1137202633;14/01/2006 01:37
474;1358;ex-con;1137203050;14/01/2006 01:44
474;1361;In Netflix queue;1137201059;14/01/2006 01:10
474;1363;religion;1137374986;16/01/2006 01:29
474;1366;Arthur Miller;1137191572;13/01/2006 22:32
474;1367;dogs;1137374063;16/01/2006 01:14
474;1367;remake;1137374063;16/01/2006 01:14
474;1372;Klingons;1137203064;14/01/2006 01:44
474;1374;Captain Kirk;1138031870;23/01/2006 15:57
474;1376;whales;1137368320;15/01/2006 23:38
474;1377;superhero;1137374089;16/01/2006 01:14
474;1380;high school;1137368225;15/01/2006 23:37
474;1381;high school;1137374154;16/01/2006 01:15
474;1387;Shark;1137202913;14/01/2006 01:41
474;1389;shark;1137373926;16/01/2006 01:12
474;1393;sports;1137205489;14/01/2006 02:24
474;1394;Coen Brothers;1137181415;13/01/2006 19:43
474;1396;spying;1138031853;23/01/2006 15:57
474;1398;Hemingway;1137374949;16/01/2006 01:29
474;1407;slasher;1138031814;23/01/2006 15:56
474;1407;spoof;1138031814;23/01/2006 15:56
474;1408;Hawkeye;1137368264;15/01/2006 23:37
474;1408;James Fennimore Cooper;1137368264;15/01/2006 23:37
474;1411;Shakespeare;1137191597;13/01/2006 22:33
474;1413;Conan;1137205643;14/01/2006 02:27
474;1416;Andrew Lloyd Weber;1137374117;16/01/2006 01:15
474;1423;In Netflix queue;1137202085;14/01/2006 01:28
474;1423;Vietnam;1137202085;14/01/2006 01:28
474;1441;mental illness;1137375694;16/01/2006 01:41
474;1446;In Netflix queue;1137201854;14/01/2006 01:24
474;1449;mockumentary;1137368329;15/01/2006 23:38
474;1466;Mafia;1137191577;13/01/2006 22:32
474;1474;jungle;1137374191;16/01/2006 01:16
474;1485;lawyer;1137375802;16/01/2006 01:43
474;1496;Tolstoy;1137191560;13/01/2006 22:32
474;1500;hit men;1137368241;15/01/2006 23:37
474;1500;reunion;1137368241;15/01/2006 23:37
474;1513;reunion;1137375929;16/01/2006 01:45
474;1537;ballroom dance;1137368308;15/01/2006 23:38
474;1542;In Netflix queue;1137202048;14/01/2006 01:27
474;1544;dinosaurs;1137373781;16/01/2006 01:09
474;1545;death;1138031807;23/01/2006 15:56
474;1569;weddings;1138031775;23/01/2006 15:56
474;1573;transplants;1137205452;14/01/2006 02:24
474;1580;aliens;1137205519;14/01/2006 02:25
474;1586;military;1137374138;16/01/2006 01:15
474;1608;president;1137375681;16/01/2006 01:41
474;1610;Tom Clancy;1137191607;13/01/2006 22:33
474;1617;Police;1137191242;13/01/2006 22:27
474;1625;twist ending;1138031717;23/01/2006 15:55
474;1635;1970s;1137191612;13/01/2006 22:33
474;1643;England;1137375849;16/01/2006 01:44
474;1643;Queen Victoria;1137375849;16/01/2006 01:44
474;1645;lawyers;1137374095;16/01/2006 01:14
474;1650;Henry James;1138031883;23/01/2006 15:58
474;1653;future;1137205460;14/01/2006 02:24
474;1663;military;1137375949;16/01/2006 01:45
474;1672;In Netflix queue;1137202154;14/01/2006 01:29
474;1674;Amish;1137521041;17/01/2006 18:04
474;1680;alternate universe;1138031846;23/01/2006 15:57
474;1682;TV;1137205617;14/01/2006 02:26
474;1683;Henry James;1137181445;13/01/2006 19:44
474;1711;Savannah;1137374207;16/01/2006 01:16
474;1717;sequel;1138031833;23/01/2006 15:57
474;1717;slasher;1138031824;23/01/2006 15:57
474;1717;spoof;1138031824;23/01/2006 15:57
474;1719;Canada;1139838573;13/02/2006 13:49
474;1719;death;1139838573;13/02/2006 13:49
474;1721;shipwreck;1138031879;23/01/2006 15:57
474;1732;Coen Brothers;1138306661;26/01/2006 20:17
474;1735;Charles Dickens;1137374163;16/01/2006 01:16
474;1748;amnesia;1138031699;23/01/2006 15:54
474;1777;1980s;1137205630;14/01/2006 02:27
474;1797;In Netflix queue;1137201971;14/01/2006 01:26
474;1810;politics;1137374994;16/01/2006 01:29
474;1834;twist ending;1138031861;23/01/2006 15:57
474;1836;No DVD at Netflix;1137179444;13/01/2006 19:10
474;1893;In Netflix queue;1137201105;14/01/2006 01:11
474;1900;In Netflix queue;1137201889;14/01/2006 01:24
474;1902;generation X;1138031706;23/01/2006 15:55
474;1909;conspiracy;1137205667;14/01/2006 02:27
474;1912;heist;1138031795;23/01/2006 15:56
474;1913;Australia;1137191654;13/01/2006 22:34
474;1917;space;1137373862;16/01/2006 01:11
474;1921;mathematics;1138031797;23/01/2006 15:56
474;1931;ships;1138031771;23/01/2006 15:56
474;1938;alcoholism;1137766211;20/01/2006 14:10
474;1940;anti-Semitism;1137368219;15/01/2006 23:36
474;1940;Judaism;1137368219;15/01/2006 23:36
474;1942;Huey Long;1137201047;14/01/2006 01:10
474;1942;In Netflix queue;1137201047;14/01/2006 01:10
474;1942;Robert Penn Warren;1137201047;14/01/2006 01:10
474;1945;boxing;1137191644;13/01/2006 22:34
474;1945;coulda been a contender;1137191644;13/01/2006 22:34
474;1947;Gangs;1137202674;14/01/2006 01:37
474;1950;racism;1137520942;17/01/2006 18:02
474;1951;Dickens;1137191634;13/01/2006 22:33
474;1952;prostitution;1138031755;23/01/2006 15:55
474;1953;drugs;1137368199;15/01/2006 23:36
474;1953;police;1137368199;15/01/2006 23:36
474;1954;boxing;1137191671;13/01/2006 22:34
474;1954;sports;1137191671;13/01/2006 22:34
474;1955;divorce;1137181397;13/01/2006 19:43
474;1957;Olympics;1137181069;13/01/2006 19:37
474;1957;sports;1137181069;13/01/2006 19:37
474;1959;adultery;1138031923;23/01/2006 15:58
474;1959;Africa;1138031923;23/01/2006 15:58
474;1960;China;1137368246;15/01/2006 23:37
474;1961;autism;1137191663;13/01/2006 22:34
474;1962;rasicm;1137368186;15/01/2006 23:36
474;1975;Jason;1137374129;16/01/2006 01:15
474;1976;Jason;1137373611;16/01/2006 01:06
474;1977;Jason;1137373908;16/01/2006 01:11
474;1978;Jason;1137373605;16/01/2006 01:06
474;1979;Jason;1137373625;16/01/2006 01:07
474;1983;halloween;1137374175;16/01/2006 01:16
474;1984;halloween;1137374180;16/01/2006 01:16
474;1994;ghosts;1138031804;23/01/2006 15:56
474;1995;ghosts;1137374228;16/01/2006 01:17
474;1996;ghosts;1137373825;16/01/2006 01:10
474;1997;demons;1137368191;15/01/2006 23:36
474;2006;California;1138031745;23/01/2006 15:55
474;2006;Mexico;1138031745;23/01/2006 15:55
474;2011;time travel;1137374084;16/01/2006 01:14
474;2019;samurai;1137368312;15/01/2006 23:38
474;2020;adultery;1137368176;15/01/2006 23:36
474;2022;Bible;1137202075;14/01/2006 01:27
474;2022;Katzanzakis;1143683469;30/03/2006 01:51
474;2028;World War II;1137180952;13/01/2006 19:35
474;2054;Disney;1138032013;23/01/2006 16:00
474;2058;police;1138032116;23/01/2006 16:01
474;2059;twins;1137374214;16/01/2006 01:16
474;2064;General Motors;1138032156;23/01/2006 16:02
474;2064;Michigan;1138032156;23/01/2006 16:02
474;2065;In Netflix queue;1137202057;14/01/2006 01:27
474;2066;memory;1138032133;23/01/2006 16:02
474;2070;music;1137191821;13/01/2006 22:37
474;2071;AIDs;1137200442;14/01/2006 01:00
474;2071;In Netflix queue;1137200442;14/01/2006 01:00
474;2076;sexuality;1137418851;16/01/2006 13:40
474;2076;suburbia;1137418851;16/01/2006 13:40
474;2078;Disney;1138032023;23/01/2006 16:00
474;2080;Disney;1138032086;23/01/2006 16:01
474;2085;Disney;1137191781;13/01/2006 22:36
474;2097;carnival;1138559451;29/01/2006 18:30
474;2097;Ray Bradbury;1138559451;29/01/2006 18:30
474;2100;mermaid;1137191808;13/01/2006 22:36
474;2108;weather forecaster;1138032081;23/01/2006 16:01
474;2114;S.E. Hinton;1137191789;13/01/2006 22:36
474;2115;archaeology;1137784519;20/01/2006 19:15
474;2116;Tolkein;1137374427;16/01/2006 01:20
474;2118;Stephen King;1137191728;13/01/2006 22:35
474;2121;Stephen King;1137374355;16/01/2006 01:19
474;2122;Stephen King;1137373696;16/01/2006 01:08
474;2139;mice;1137521184;17/01/2006 18:06
474;2145;1980s;1138032148;23/01/2006 16:02
474;2145;high school;1138032148;23/01/2006 16:02
474;2160;demons;1138032159;23/01/2006 16:02
474;2167;vampires;1137374320;16/01/2006 01:18
474;2171;aquarium;1137202573;14/01/2006 01:36
474;2171;Boston;1137202573;14/01/2006 01:36
474;2171;personals ads;1137202573;14/01/2006 01:36
474;2186;murder;1137205604;14/01/2006 02:26
474;2187;theater;1140467428;20/02/2006 20:30
474;2194;Capone;1138032218;23/01/2006 16:03
474;2194;gangsters;1138032218;23/01/2006 16:03
474;2202;survival;1137205513;14/01/2006 02:25
474;2203;small towns;1138032173;23/01/2006 16:02
474;2206;paranoia;1137205610;14/01/2006 02:26
474;2208;train;1137271242;14/01/2006 20:40
474;2243;journalism;1137205380;14/01/2006 02:23
474;2247;Mafia;1137374432;16/01/2006 01:20
474;2248;In Your Eyes;1137202613;14/01/2006 01:36
474;2248;Lloyd Dobbler;1137202613;14/01/2006 01:36
474;2249;Mafia;1137374445;16/01/2006 01:20
474;2268;court;1137191761;13/01/2006 22:36
474;2268;military;1137191761;13/01/2006 22:36
474;2291;freaks;1137205437;14/01/2006 02:23
474;2295;Screwball;1137202461;14/01/2006 01:34
474;2300;Broadway;1137205562;14/01/2006 02:26
474;2302;court;1137374439;16/01/2006 01:20
474;2310;adolescence;1138032095;23/01/2006 16:01
474;2312;death penalty;1137374919;16/01/2006 01:28
474;2313;freaks;1137205442;14/01/2006 02:24
474;2324;Holocaust;1137181119;13/01/2006 19:38
474;2329;racism;1138031951;23/01/2006 15:59
474;2334;terrorism;1138032178;23/01/2006 16:02
474;2335;football;1137374560;16/01/2006 01:22
474;2336;England;1137191737;13/01/2006 22:35
474;2351;In Netflix queue;1137202131;14/01/2006 01:28
474;2355;Pixar;1137191711;13/01/2006 22:35
474;2357;South America;1137205389;14/01/2006 02:23
474;2360;In Netflix queue;1137201464;14/01/2006 01:17
474;2390;In Netflix queue;1137202019;14/01/2006 01:26
474;2391;heist;1138032185;23/01/2006 16:03
474;2394;Bible;1137191285;13/01/2006 22:28
474;2394;Moses;1137202582;14/01/2006 01:36
474;2396;England;1137191800;13/01/2006 22:36
474;2410;boxing;1137374485;16/01/2006 01:21
474;2411;boxing;1137373840;16/01/2006 01:10
474;2412;boxing;1137373964;16/01/2006 01:12
474;2420;martial arts;1138032051;23/01/2006 16:00
474;2421;martial arts;1137374406;16/01/2006 01:20
474;2422;martial arts;1137374411;16/01/2006 01:20
474;2423;christmas;1137373883;16/01/2006 01:11
474;2424;e-mail;1137202717;14/01/2006 01:38
474;2424;remake;1137202717;14/01/2006 01:38
474;2431;doctors;1137373812;16/01/2006 01:10
474;2442;In Netflix queue;1137201903;14/01/2006 01:25
474;2463;kidnapping;1137374497;16/01/2006 01:21
474;2467;religion;1140703344;23/02/2006 14:02
474;2470;Australia;1137374348;16/01/2006 01:19
474;2471;Australia;1137373731;16/01/2006 01:08
474;2491;food;1137374514;16/01/2006 01:21
474;2494;Holocaust;1137179426;13/01/2006 19:10
474;2494;Hungary;1137179426;13/01/2006 19:10
474;2502;stapler;1138032123;23/01/2006 16:02
474;2502;workplace;1138032129;23/01/2006 16:02
474;2506;disability;1137374460;16/01/2006 01:21
474;2517;Stephen King;1137373705;16/01/2006 01:08
474;2529;twist ending;1138032140;23/01/2006 16:02
474;2550;ghosts;1138032008;23/01/2006 16:00
474;2553;evil children;1138038893;23/01/2006 17:54
474;2554;evil children;1138038892;23/01/2006 17:54
474;2565;Siam;1137191238;13/01/2006 22:27
474;2571;alternate universe;1137204991;14/01/2006 02:16
474;2572;Shakespeare sort of;1137374893;16/01/2006 01:28
474;2579;black and white;1138032056;23/01/2006 16:00
474;2581;high school;1138032122;23/01/2006 16:02
474;2583;southern US;1138031988;23/01/2006 15:59
474;2598;golfing;1137374470;16/01/2006 01:21
474;2600;virtual reality;1138031996;23/01/2006 15:59
474;2612;motherhood;1138032112;23/01/2006 16:01
474;2628;prequel;1138032197;23/01/2006 16:03
474;2628;the Force;1138032197;23/01/2006 16:03
474;2640;superhero;1138032200;23/01/2006 16:03
474;2641;superhero;1138032201;23/01/2006 16:03
474;2642;superhero;1137373986;16/01/2006 01:13
474;2648;In Netflix queue;1137200966;14/01/2006 01:09
474;2660;aliens;1137521194;17/01/2006 18:06
474;2664;1950s;1138032017;23/01/2006 16:00
474;2677;In Netflix queue;1137202023;14/01/2006 01:27
474;2692;alternate endings;1138032166;23/01/2006 16:02
474;2693;Star Trek;1138032207;23/01/2006 16:03
474;2699;spiders;1137373650;16/01/2006 01:07
474;2710;claims to be true;1138031976;23/01/2006 15:59
474;2710;video;1138031976;23/01/2006 15:59
474;2712;sexuality;1138032003;23/01/2006 16:00
474;2716;ghosts;1137205464;14/01/2006 02:24
474;2717;Ghosts;1137373633;16/01/2006 01:07
474;2719;remake;1137373916;16/01/2006 01:11
474;2723;superhero;1137205533;14/01/2006 02:25
474;2726;heist;1137205507;14/01/2006 02:25
474;2728;crucifixion;1137520905;17/01/2006 18:01
474;2728;Rome;1137520896;17/01/2006 18:01
474;2728;slavery;1137520896;17/01/2006 18:01
474;2745;Missionary;1137202541;14/01/2006 01:35
474;2745;Priest;1137191266;13/01/2006 22:27
474;2750;nostalgia;1137443255;16/01/2006 20:27
474;2750;radio;1137443255;16/01/2006 20:27
474;2761;robots;1138032019;23/01/2006 16:00
474;2762;ghosts;1137205068;14/01/2006 02:17
474;2762;I see dead people;1137202627;14/01/2006 01:37
474;2787;Stephen King;1137374342;16/01/2006 01:19
474;2791;aviation;1138031941;23/01/2006 15:59
474;2791;spoof;1138031941;23/01/2006 15:59
474;2797;children;1138032265;23/01/2006 16:04
474;2801;gambling;1137205541;14/01/2006 02:25
474;2803;lawyers;1137374982;16/01/2006 01:29
474;2804;Christmas;1137191720;13/01/2006 22:35
474;2827;aliens;1137374307;16/01/2006 01:18
474;2863;Beatles;1138032352;23/01/2006 16:05
474;2871;river;1138032293;23/01/2006 16:04
474;2872;England;1137191745;13/01/2006 22:35
474;2872;King Arthur;1137191745;13/01/2006 22:35
474;2905;In Netflix queue;1137201967;14/01/2006 01:26
474;2915;prostitution;1137374478;16/01/2006 01:21
474;2918;High School;1137191753;13/01/2006 22:35
474;2919;Academy award (Best Supporting Actress);1137367916;15/01/2006 23:31
474;2919;Indonesia;1137367916;15/01/2006 23:31
474;2919;journalism;1137367916;15/01/2006 23:31
474;2927;adultery;1138032272;23/01/2006 16:04
474;2935;gambling;1138032373;23/01/2006 16:06
474;2937;screwball;1137205550;14/01/2006 02:25
474;2939;In Netflix queue;1137202140;14/01/2006 01:29
474;2940;nightclub;1138032341;23/01/2006 16:05
474;2941;island;1138032457;23/01/2006 16:07
474;2943;Vietnam;1138804253;01/02/2006 14:30
474;2952;gambling;1137191914;13/01/2006 22:38
474;2959;violence;1137205034;14/01/2006 02:17
474;2966;brothers;1138032507;23/01/2006 16:08
474;2966;lawn mower;1138032507;23/01/2006 16:08
474;2967;evil children;1138038912;23/01/2006 17:55
474;2968;time travel;1138032520;23/01/2006 16:08
474;2987;live action/animation;1138032544;23/01/2006 16:09
474;3000;anime;1138032418;23/01/2006 16:06
474;3006;tobacco;1138032361;23/01/2006 16:06
474;3006;true story;1138032361;23/01/2006 16:06
474;3007;In Netflix queue;1137201930;14/01/2006 01:25
474;3011;dance marathon;1137191967;13/01/2006 22:39
474;3028;Shakespeare;1137374544;16/01/2006 01:22
474;3030;samurai;1138032553;23/01/2006 16:09
474;3039;class;1138032532;23/01/2006 16:08
474;3040;camp;1137373789;16/01/2006 01:09
474;3044;memory;1137202357;14/01/2006 01:32
474;3044;music;1137202357;14/01/2006 01:32
474;3052;religion;1137191859;13/01/2006 22:37
474;3060;In Netflix queue;1137201892;14/01/2006 01:24
474;3071;high school;1137375023;16/01/2006 01:30
474;3072;New York;1137191274;13/01/2006 22:27
474;3077;In Netflix queue;1137201542;14/01/2006 01:19
474;3077;Up series;1137201543;14/01/2006 01:19
474;3081;Ichabod Crane;1137374535;16/01/2006 01:22
474;3087;christmas;1137271226;14/01/2006 20:40
474;3087;new york;1137271222;14/01/2006 20:40
474;3095;depression;1137205475;14/01/2006 02:24
474;3095;dust bowl;1137205475;14/01/2006 02:24
474;3097;remade;1138032435;23/01/2006 16:07
474;3098;baseball;1137201875;14/01/2006 01:24
474;3098;sports;1137201875;14/01/2006 01:24
474;3101;adultery;1138032312;23/01/2006 16:05
474;3108;homeless;1137374925;16/01/2006 01:28
474;3111;racism;1138032385;23/01/2006 16:06
474;3114;Pixar;1138032529;23/01/2006 16:08
474;3115;men in drag;1137191883;13/01/2006 22:38
474;3125;Graham Greene;1137191874;13/01/2006 22:37
474;3135;fatherhood;1138032346;23/01/2006 16:05
474;3147;Stephen King;1137191901;13/01/2006 22:38
474;3152;black-and-white;1137521245;17/01/2006 18:07
474;3160;L.A.;1137202527;14/01/2006 01:35
474;3174;Andy Kaufman;1137191943;13/01/2006 22:39
474;3175;spoof;1138032315;23/01/2006 16:05
474;3176;Europe;1137202659;14/01/2006 01:37
474;3176;murder;1137202659;14/01/2006 01:37
474;3178;boxing;1137374389;16/01/2006 01:19
474;3181;Shakespeare;1137179352;13/01/2006 19:09
474;3192;In Netflix queue;1137201464;14/01/2006 01:17
474;3210;high school;1137374381;16/01/2006 01:19
474;3211;a dingo ate my baby;1137191854;13/01/2006 22:37
474;3211;Australia;1137191854;13/01/2006 22:37
474;3247;nuns;1137374526;16/01/2006 01:22
474;3250;In Netflix queue;1137202163;14/01/2006 01:29
474;3258;plastic surgery;1137375095;16/01/2006 01:31
474;3259;Ireland;1137375116;16/01/2006 01:31
474;3260;E.M. Forster;1137181368;13/01/2006 19:42
474;3263;basketball;1137374566;16/01/2006 01:22
474;3270;figure skating;1137375084;16/01/2006 01:31
474;3273;slasher;1138032428;23/01/2006 16:07
474;3273;spoof;1138032428;23/01/2006 16:07
474;3281;sexuality;1137374330;16/01/2006 01:18
474;3306;big top;1137205399;14/01/2006 02:23
474;3306;circus;1137205399;14/01/2006 02:23
474;3307;blind;1137205412;14/01/2006 02:23
474;3310;orphans;1138032366;23/01/2006 16:06
474;3317;writing;1138032548;23/01/2006 16:09
474;3330;adolescence;1138032469;23/01/2006 16:07
474;3330;sexuality;1138032498;23/01/2006 16:08
474;3338;In Netflix queue;1137201680;14/01/2006 01:21
474;3341;remade;1138032286;23/01/2006 16:04
474;3360;basketball;1137784798;20/01/2006 19:19
474;3384;subway;1138032512;23/01/2006 16:08
474;3385;Peace Corp;1137374553;16/01/2006 01:22
474;3386;politics;1137191934;13/01/2006 22:38
474;3386;president;1137191934;13/01/2006 22:38
474;3408;scandal;1138032304;23/01/2006 16:05
474;3408;true story;1138032304;23/01/2006 16:05
474;3420;lawyers;1137375055;16/01/2006 01:30
474;3421;college;1137374581;16/01/2006 01:23
474;3421;TOGA;1137374587;16/01/2006 01:23
474;3424;racism;1137191865;13/01/2006 22:37
474;3429;aardman;1140626569;22/02/2006 16:42
474;3435;Insurance;1137520877;17/01/2006 18:01
474;3447;Pearl S Buck;1137191895;13/01/2006 22:38
474;3451;Hepburn and Tracy;1137181361;13/01/2006 19:42
474;3451;interracial marriage;1137205479;14/01/2006 02:24
474;3451;prejudice;1137205481;14/01/2006 02:24
474;3451;racism;1137205477;14/01/2006 02:24
474;3456;In Netflix queue;1137201463;14/01/2006 01:17
474;3461;island;1138032377;23/01/2006 16:06
474;3462;factory;1137205526;14/01/2006 02:25
474;3468;pool;1137521005;17/01/2006 18:03
474;3469;court;1137375171;16/01/2006 01:32
474;3469;evolution;1137375171;16/01/2006 01:32
474;3469;religion;1137375171;16/01/2006 01:32
474;3475;class;1138032413;23/01/2006 16:06
474;3481;Nick Hornby;1137181093;13/01/2006 19:38
474;3489;Peter Pan;1137191920;13/01/2006 22:38
474;3498;In Netflix queue;1137201900;14/01/2006 01:25
474;3502;death;1137375216;16/01/2006 01:33
474;3504;journalism;1137191950;13/01/2006 22:39
474;3507;In Netflix queue;1137200453;14/01/2006 01:00
474;3512;transplants;1137205572;14/01/2006 02:26
474;3515;alternate endings;1138032711;23/01/2006 16:11
474;3526;families;1138032724;23/01/2006 16:12
474;3528;psychiatrist;1137374751;16/01/2006 01:25
474;3536;priest;1137181376;13/01/2006 19:42
474;3536;rabbi;1137181376;13/01/2006 19:42
474;3546;show business;1138032886;23/01/2006 16:14
474;3548;1920s;1137205331;14/01/2006 02:22
474;3549;Gambling;1137191235;13/01/2006 22:27
474;3552;golf;1137374630;16/01/2006 01:23
474;3556;1970s;1138032871;23/01/2006 16:14
474;3556;suicide;1138032871;23/01/2006 16:14
474;3559;In Netflix queue;1137202015;14/01/2006 01:26
474;3566;business;1137205342;14/01/2006 02:22
474;3566;religion;1137205342;14/01/2006 02:22
474;3608;Pee Wee Herman;1138032732;23/01/2006 16:12
474;3629;mining;1138032660;23/01/2006 16:11
474;3675;Christmas;1137205636;14/01/2006 02:27
474;3676;In Netflix queue;1137202167;14/01/2006 01:29
474;3683;Coen Brothers;1137521124;17/01/2006 18:05
474;3712;television;1137375317;16/01/2006 01:35
474;3723;Shakespeare;1137191908;13/01/2006 22:38
474;3724;Vietnam;1137201954;14/01/2006 01:25
474;3730;spying;1138032598;23/01/2006 16:09
474;3735;police;1138032794;23/01/2006 16:13
474;3793;superhero;1137205670;14/01/2006 02:27
474;3801;court;1137191841;13/01/2006 22:37
474;3811;court;1138032584;23/01/2006 16:09
474;3816;missing children;1138032720;23/01/2006 16:12
474;3844;diabetes;1137375348;16/01/2006 01:35
474;3849;disability;1138032820;23/01/2006 16:13
474;3859;In Netflix queue;1137201554;14/01/2006 01:19
474;3859;televangelist;1137201554;14/01/2006 01:19
474;3877;superhero;1137374791;16/01/2006 01:26
474;3897;journalism;1137205322;14/01/2006 02:22
474;3897;music;1137205322;14/01/2006 02:22
474;3897;Rolling Stone;1137205322;14/01/2006 02:22
474;3910;blindness;1138032613;23/01/2006 16:10
474;3910;factory;1138032613;23/01/2006 16:10
474;3911;Dogs;1137181343;13/01/2006 19:42
474;3932;invisibility;1138032669;23/01/2006 16:11
474;3949;drug abuse;1137192093;13/01/2006 22:41
474;3951;In Netflix queue;1137179732;13/01/2006 19:15
474;3967;ballet;1137191989;13/01/2006 22:39
474;3983;family;1137205683;14/01/2006 02:28
474;3988;Dr. Seuss;1137373756;16/01/2006 01:09
474;3994;superhero;1137205619;14/01/2006 02:26
474;3996;china;1138032606;23/01/2006 16:10
474;3996;martial arts;1138032600;23/01/2006 16:10
474;4007;business;1138032878;23/01/2006 16:14
474;4012;stand-up comedy;1137374767;16/01/2006 01:26
474;4019;writing;1138032630;23/01/2006 16:10
474;4024;Edith Wharton;1137375144;16/01/2006 01:32
474;4025;pageant;1137374719;16/01/2006 01:25
474;4027;bluegrass;1137520959;17/01/2006 18:02
474;4029;movies;1137205589;14/01/2006 02:26
474;4034;based on a TV show;1137784729;20/01/2006 19:18
474;4046;Quakers;1138032635;23/01/2006 16:10
474;4077;psychopaths;1138039049;23/01/2006 17:57
474;4105;zombies;1137374672;16/01/2006 01:24
474;4113;Tennessee Williams;1137192025;13/01/2006 22:40
474;4117;In Netflix queue;1137200919;14/01/2006 01:08
474;4138;demons;1137373794;16/01/2006 01:09
474;4160;death penalty;1137205651;14/01/2006 02:27
474;4164;homeless;1138032589;23/01/2006 16:09
474;4164;New York;1138032589;23/01/2006 16:09
474;4166;reality TV;1137374777;16/01/2006 01:26
474;4171;Eugene O'Neill;1137192041;13/01/2006 22:40
474;4174;In Netflix queue;1137200882;14/01/2006 01:08
474;4184;Christmas;1138032577;23/01/2006 16:09
474;4189;Bible;1137375121;16/01/2006 01:32
474;4189;religion;1137375121;16/01/2006 01:32
474;4190;preacher;1137520919;17/01/2006 18:01
474;4190;religion;1137520919;17/01/2006 18:01
474;4191;sexuality;1138032573;23/01/2006 16:09
474;4194;In Netflix queue;1137201575;14/01/2006 01:19
474;4204;virginity;1137373770;16/01/2006 01:09
474;4210;Hannibal Lecter;1139059882;04/02/2006 13:31
474;4210;serial killer;1139059887;04/02/2006 13:31
474;4211;von Bulow;1137192103;13/01/2006 22:41
474;4214;college;1137374771;16/01/2006 01:26
474;4218;In Netflix queue;1137202093;14/01/2006 01:28
474;4221;football;1137374725;16/01/2006 01:25
474;4226;Backwards. memory;1137191263;13/01/2006 22:27
474;4232;spying;1138032824;23/01/2006 16:13
474;4246;singletons;1137205374;14/01/2006 02:22
474;4259;Nabokov;1137192047;13/01/2006 22:40
474;4263;alcoholism;1138032622;23/01/2006 16:10
474;4292;Union;1137192082;13/01/2006 22:41
474;4296;death;1137374704;16/01/2006 01:25
474;4306;fairy tales;1137205586;14/01/2006 02:26
474;4312;In Netflix queue;1137202173;14/01/2006 01:29
474;4316;figure skating;1137375157;16/01/2006 01:32
474;4326;race;1137375204;16/01/2006 01:33
474;4326;rasicm;1137375204;16/01/2006 01:33
474;4333;Strangers on a Train;1138032832;23/01/2006 16:13
474;4347;Holocaust;1138032626;23/01/2006 16:10
474;4356;In Netflix queue;1137201794;14/01/2006 01:23
474;4359;adultery;1138032800;23/01/2006 16:13
474;4361;men in drag;1138032838;23/01/2006 16:13
474;4370;robots;1137205306;14/01/2006 02:21
474;4380;accident;1138032770;23/01/2006 16:12
474;4396;race;1137373684;16/01/2006 01:08
474;4404;In Netflix queue;1137200537;14/01/2006 01:02
474;4447;lawyers;1138032674;23/01/2006 16:11
474;4448;heist;1138032773;23/01/2006 16:12
474;4465;rape;1138032565;23/01/2006 16:09
474;4476;twins;1137374622;16/01/2006 01:23
474;4477;circus;1137373669;16/01/2006 01:07
474;4489;Africa;1137766266;20/01/2006 14:11
474;4489;immigrants;1137374636;16/01/2006 01:23
474;4495;New York;1137202342;14/01/2006 01:32
474;4526;aliens;1137373948;16/01/2006 01:12
474;4537;hippies;1137205576;14/01/2006 02:26
474;4545;robots;1137374781;16/01/2006 01:26
474;4546;kidnapping;1138032855;23/01/2006 16:14
474;4546;remade;1138032855;23/01/2006 16:14
474;4558;twins;1137374798;16/01/2006 01:26
474;4571;time travel;1137205348;14/01/2006 02:22
474;4600;doctors;1137375124;16/01/2006 01:32
474;4621;babies;1137374699;16/01/2006 01:24
474;4623;baseball;1137374712;16/01/2006 01:25
474;4638;dinosaurs;1137374692;16/01/2006 01:24
474;4639;Hollywood;1137375071;16/01/2006 01:31
474;4639;movie business;1137375071;16/01/2006 01:31
474;4641;adolescence;1138032652;23/01/2006 16:10
474;4677;dogs;1137373991;16/01/2006 01:13
474;4678;television;1138032842;23/01/2006 16:14
474;4688;In Netflix queue;1137201126;14/01/2006 01:12
474;4787;prodigies;1138032687;23/01/2006 16:11
474;4801;family;1138032678;23/01/2006 16:11
474;4808;remake;1137374805;16/01/2006 01:26
474;4809;Nuclear disaster;1137367824;15/01/2006 23:30
474;4809;union;1137367824;15/01/2006 23:30
474;4812;NASA;1137374786;16/01/2006 01:26
474;4812;space;1137374786;16/01/2006 01:26
474;4823;wedding;1138032791;23/01/2006 16:13
474;4835;Loretta Lynn;1137192003;13/01/2006 22:40
474;4857;Judaism;1138039170;23/01/2006 17:59
474;4857;Tradition!;1137192017;13/01/2006 22:40
474;4874;aliens;1137375186;16/01/2006 01:33
474;4874;psychiatrist;1137375186;16/01/2006 01:33
474;4878;time travel;1137205781;14/01/2006 02:29
474;4881;Coen Brothers;1137192055;13/01/2006 22:40
474;4896;Magic;1137205893;14/01/2006 02:31
474;4896;Wizards;1137205893;14/01/2006 02:31
474;4902;ghosts;1137367852;15/01/2006 23:30
474;4920;psychology;1138039319;23/01/2006 18:01
474;4963;heist;1138039322;23/01/2006 18:02
474;4969;In Netflix queue;1137179563;13/01/2006 19:12
474;4970;nightclub;1138039117;23/01/2006 17:58
474;4970;singers;1138039117;23/01/2006 17:58
474;4973;whimsical;1137202289;14/01/2006 01:31
474;4979;new york;1137271220;14/01/2006 20:40
474;4980;time travel;1138039109;23/01/2006 17:58
474;4993;Tolkein;1137181125;13/01/2006 19:38
474;4998;racism;1139102582;05/02/2006 01:23
474;5008;Agatha Christie;1138039430;23/01/2006 18:03
474;5008;court;1138039430;23/01/2006 18:03
474;5012;cross dressing;1138039463;23/01/2006 18:04
474;5012;Judaism;1138039463;23/01/2006 18:04
474;5015;race;1138039271;23/01/2006 18:01
474;5034;Ghost;1137191298;13/01/2006 22:28
474;5064;Dumas;1138039163;23/01/2006 17:59
474;5064;revenge;1138039163;23/01/2006 17:59
474;5114;movie business;1138039083;23/01/2006 17:58
474;5120;In Netflix queue;1137200871;14/01/2006 01:07
474;5135;India;1137192060;13/01/2006 22:41
474;5139;baseball;1137373653;16/01/2006 01:07
474;5213;religion;1137373958;16/01/2006 01:12
474;5224;In Netflix queue;1137201464;14/01/2006 01:17
474;5238;In Netflix queue;1137202052;14/01/2006 01:27
474;5266;crime;1138039345;23/01/2006 18:02
474;5291;In Netflix queue;1137200907;14/01/2006 01:08
474;5291;samurai;1142282530;13/03/2006 20:42
474;5294;religion;1138039177;23/01/2006 17:59
474;5304;In Netflix queue;1137200961;14/01/2006 01:09
474;5316;World War II;1137375111;16/01/2006 01:31
474;5349;superhero;1137206068;14/01/2006 02:34
474;5353;blind;1137784621;20/01/2006 19:17
474;5377;Nick Hornby;1137181073;13/01/2006 19:37
474;5379;anti-Semitism;1137205732;14/01/2006 02:28
474;5379;Judaism;1137205732;14/01/2006 02:28
474;5398;boxing;1138039410;23/01/2006 18:03
474;5404;books;1138039075;23/01/2006 17:57
474;5445;future;1137206007;14/01/2006 02:33
474;5446;Australia;1137181573;13/01/2006 19:46
474;5450;sisterhood;1138039255;23/01/2006 18:00
474;5450;women;1138039255;23/01/2006 18:00
474;5451;disability;1137375287;16/01/2006 01:34
474;5451;mental illness;1137375287;16/01/2006 01:34
474;5470;Oscar Wilde;1137181530;13/01/2006 19:45
474;5475;In Netflix queue;1137201978;14/01/2006 01:26
474;5483;movie business;1137181538;13/01/2006 19:45
474;5498;In Netflix queue;1137179781;13/01/2006 19:16
474;5502;aliens;1137206065;14/01/2006 02:34
474;5505;adultery;1137205854;14/01/2006 02:30
474;5505;younger men;1137205854;14/01/2006 02:30
474;5527;AS Byatt;1138039372;23/01/2006 18:02
474;5527;books;1138039372;23/01/2006 18:02
474;5528;photography;1138039335;23/01/2006 18:02
474;5528;psychopaths;1138039335;23/01/2006 18:02
474;5548;homeless;1137374645;16/01/2006 01:24
474;5577;adolescence;1138039226;23/01/2006 18:00
474;5601;Animal movie;1138039452;23/01/2006 18:04
474;5603;crime;1138039241;23/01/2006 18:00
474;5603;heist;1138039241;23/01/2006 18:00
474;5618;anime;1137206076;14/01/2006 02:34
474;5629;Bible;1137374683;16/01/2006 01:24
474;5630;Hannibal Lecter;1139059884;04/02/2006 13:31
474;5633;bombs;1138039202;23/01/2006 18:00
474;5644;baseball;1138039381;23/01/2006 18:03
474;5644;Lou Gehrig;1138039381;23/01/2006 18:03
474;5669;violence in america;1138039133;23/01/2006 17:58
474;5673;pudding;1137206033;14/01/2006 02:33
474;5682;Holocaust;1138039189;23/01/2006 17:59
474;5685;Girl Power;1137206048;14/01/2006 02:34
474;5690;made me cry;1137205866;14/01/2006 02:31
474;5690;orphans;1137205866;14/01/2006 02:31
474;5721;In Netflix queue;1137200976;14/01/2006 01:09
474;5721;Judaism;1137200976;14/01/2006 01:09
474;5747;World War I;1137181512;13/01/2006 19:45
474;5791;art;1138039181;23/01/2006 17:59
474;5792;dating;1137375296;16/01/2006 01:34
474;5802;teenagers;1138039442;23/01/2006 18:04
474;5812;salute to Douglas Sirk;1137181505;13/01/2006 19:45
474;5816;Magic;1137205882;14/01/2006 02:31
474;5816;Wizards;1137205882;14/01/2006 02:31
474;5820;music business;1138039419;23/01/2006 18:03
474;5875;short films;1137375257;16/01/2006 01:34
474;5876;Graham Greene;1138039395;23/01/2006 18:03
474;5878;coma;1138039423;23/01/2006 18:03
474;5899;Africa;1137442538;16/01/2006 20:15
474;5952;Tolkein;1137181130;13/01/2006 19:38
474;5954;crime;1138039070;23/01/2006 17:57
474;5954;nightclub;1138039070;23/01/2006 17:57
474;5971;anime;1138039281;23/01/2006 18:01
474;5989;crime;1138039137;23/01/2006 17:58
474;5991;court;1138039145;23/01/2006 17:59
474;5991;jazz;1138039140;23/01/2006 17:59
474;5991;murder;1138039142;23/01/2006 17:59
474;5994;Dickens;1138039286;23/01/2006 18:01
474;5995;Holocaust;1137181562;13/01/2006 19:46
474;6002;drugs;1138307168;26/01/2006 20:26
474;6002;planes;1138307168;26/01/2006 20:26
474;6002;widows/widowers;1138307168;26/01/2006 20:26
474;6003;television;1138307058;26/01/2006 20:24
474;6016;crime;1138039157;23/01/2006 17:59
474;6016;photography;1138039157;23/01/2006 17:59
474;6016;violence;1138039157;23/01/2006 17:59
474;6020;class;1138307024;26/01/2006 20:23
474;6027;In Netflix queue;1137200848;14/01/2006 01:07
474;6031;motherhood;1138039234;23/01/2006 18:00
474;6031;race;1138039234;23/01/2006 18:00
474;6041;In Netflix queue;1137200888;14/01/2006 01:08
474;6063;doll;1137375194;16/01/2006 01:33
474;6090;ghosts;1138307131;26/01/2006 20:25
474;6101;Chile;1137900975;22/01/2006 03:36
474;6101;politics;1137900975;22/01/2006 03:36
474;6101;South America;1137900975;22/01/2006 03:36
474;6104;spoof;1138039279;23/01/2006 18:01
474;6156;England;1138307301;26/01/2006 20:28
474;6159;adolescence;1138307031;26/01/2006 20:23
474;6163;obsession;1137205905;14/01/2006 02:31
474;6170;horses;1138307048;26/01/2006 20:24
474;6178;blind;1138039358;23/01/2006 18:02
474;6178;blindness;1138039358;23/01/2006 18:02
474;6178;race;1138039358;23/01/2006 18:02
474;6181;Civil War;1138039404;23/01/2006 18:03
474;6181;Stephen Crane;1138039404;23/01/2006 18:03
474;6183;Day and Hudson;1138039366;23/01/2006 18:02
474;6183;sexuality;1138039366;23/01/2006 18:02
474;6195;books;1138498655;29/01/2006 01:37
474;6195;Stones of Summer;1138498655;29/01/2006 01:37
474;6197;mental illness;1138307351;26/01/2006 20:29
474;6201;England;1137191244;13/01/2006 22:27
474;6216;World War II;1138307229;26/01/2006 20:27
474;6218;soccer;1138039102;23/01/2006 17:58
474;6228;In Netflix queue;1137201613;14/01/2006 01:20
474;6232;animal movie;1138039126;23/01/2006 17:58
474;6232;lions;1138039125;23/01/2006 17:58
474;6235;Holocaust;1138307079;26/01/2006 20:24
474;6235;World War II;1138307079;26/01/2006 20:24
474;6238;immigrants;1138307096;26/01/2006 20:24
474;6242;television;1138307280;26/01/2006 20:28
474;6244;In Netflix queue;1137201921;14/01/2006 01:25
474;6245;prostitution;1138307361;26/01/2006 20:29
474;6254;screwball;1137181469;13/01/2006 19:44
474;6268;adolescence;1138307261;26/01/2006 20:27
474;6269;Big Brothers;1137206096;14/01/2006 02:34
474;6273;L.A.;1137521025;17/01/2006 18:03
474;6281;crime;1138307249;26/01/2006 20:27
474;6286;amnesia;1138039259;23/01/2006 18:00
474;6288;gangs;1138307044;26/01/2006 20:24
474;6289;Titanic;1138307085;26/01/2006 20:24
474;6291;prostitution;1138039248;23/01/2006 18:00
474;6296;mockumentary;1138039267;23/01/2006 18:01
474;6297;children;1138307101;26/01/2006 20:25
474;6299;birds;1138307384;26/01/2006 20:29
474;6305;Ray Bradbury;1137181490;13/01/2006 19:44
474;6308;lawyers;1137374834;16/01/2006 01:27
474;6327;1970s;1138486479;28/01/2006 22:14
474;6327;movies;1137200584;14/01/2006 01:03
474;6331;spelling bee;1138039807;23/01/2006 18:10
474;6333;Jean Grey;1137202706;14/01/2006 01:38
474;6333;Magneto;1137202706;14/01/2006 01:38
474;6333;Rogue;1137202706;14/01/2006 01:38
474;6333;superhero;1137205082;14/01/2006 02:18
474;6333;Wolverine;1137202706;14/01/2006 01:38
474;6334;teachers;1138039540;23/01/2006 18:05
474;6337;gambling;1138307244;26/01/2006 20:27
474;6339;trains;1138307176;26/01/2006 20:26
474;6341;art;1138307304;26/01/2006 20:28
474;6350;anime;1138039543;23/01/2006 18:05
474;6367;retro;1138039562;23/01/2006 18:06
474;6368;movies;1138307051;26/01/2006 20:24
474;6373;religion;1137375076;16/01/2006 01:31
474;6375;In Netflix queue;1137200486;14/01/2006 01:01
474;6375;They Might Be Giants;1137200486;14/01/2006 01:01
474;6377;Disney;1138039593;23/01/2006 18:06
474;6377;fish;1138039593;23/01/2006 18:06
474;6378;heist;1138307128;26/01/2006 20:25
474;6380;child abuse;1137205738;14/01/2006 02:28
474;6385;Girl Power;1137202810;14/01/2006 01:40
474;6390;Ninotchka remake;1138307320;26/01/2006 20:28
474;6400;crime;1138307197;26/01/2006 20:26
474;6407;Olympics;1137374882;16/01/2006 01:28
474;6407;Tokyo;1137374882;16/01/2006 01:28
474;6422;Civil War;1138039799;23/01/2006 18:09
474;6440;movie business;1138307037;26/01/2006 20:23
474;6452;In Netflix queue;1137201737;14/01/2006 01:22
474;6454;Nazis;1138307204;26/01/2006 20:26
474;6466;In Netflix queue;1137202027;14/01/2006 01:27
474;6502;zombies;1137181462;13/01/2006 19:44
474;6515;fugitive;1137206135;14/01/2006 02:35
474;6516;In Netflix queue;1137202127;14/01/2006 01:28
474;6535;politics;1137374839;16/01/2006 01:27
474;6536;swashbuckler;1138307326;26/01/2006 20:28
474;6539;swashbuckler;1138307257;26/01/2006 20:27
474;6545;Dodie Smith;1137181524;13/01/2006 19:45
474;6547;flood;1137375241;16/01/2006 01:34
474;6552;immigration;1138039559;23/01/2006 18:05
474;6565;horses;1138307288;26/01/2006 20:28
474;6579;Japan;1138307236;26/01/2006 20:27
474;6591;religion;1138039719;23/01/2006 18:08
474;6592;marriage;1138039795;23/01/2006 18:09
474;6603;Othello;1137375103;16/01/2006 01:31
474;6609;Bible;1138307089;26/01/2006 20:24
474;6620;cancer;1137205715;14/01/2006 02:28
474;6636;road trip;1138307356;26/01/2006 20:29
474;6639;blindness;1138307381;26/01/2006 20:29
474;6650;family;1138039708;23/01/2006 18:08
474;6650;multiple roles;1138039708;23/01/2006 18:08
474;6650;murder;1138039708;23/01/2006 18:08
474;6660;ballet;1138307265;26/01/2006 20:27
474;6662;Clousseau;1137375266;16/01/2006 01:34
474;6667;FBI;1138307378;26/01/2006 20:29
474;6668;In Netflix queue;1137179689;13/01/2006 19:14
474;6669;terminal illness;1138039639;23/01/2006 18:07
474;6708;con men;1138307183;26/01/2006 20:26
474;6708;fatherhood;1138307183;26/01/2006 20:26
474;6710;vertriloquism;1138307069;26/01/2006 20:24
474;6711;Japan;1138307143;26/01/2006 20:25
474;6713;In Netflix queue;1137201914;14/01/2006 01:25
474;6724;In Netflix queue;1137201684;14/01/2006 01:21
474;6732;matchmaker;1137375130;16/01/2006 01:32
474;6744;vampire;1137375236;16/01/2006 01:33
474;6753;Animal movie;1138307295;26/01/2006 20:28
474;6768;religion;1138039714;23/01/2006 18:08
474;6770;adultery;1138307212;26/01/2006 20:26
474;6770;terminal illness;1138307212;26/01/2006 20:26
474;6773;biking;1138307369;26/01/2006 20:29
474;6776;India;1137181544;13/01/2006 19:45
474;6785;Lonesome Polecat;1137206059;14/01/2006 02:34
474;6786;In Netflix queue;1137201845;14/01/2006 01:24
474;6787;journalism;1138039529;23/01/2006 18:05
474;6787;Watergate;1138039529;23/01/2006 18:05
474;6788;pregnancy;1137374818;16/01/2006 01:26
474;6791;Food;1137191312;13/01/2006 22:28
474;6807;british comedy;1138307193;26/01/2006 20:26
474;6810;domestic violence;1138307335;26/01/2006 20:28
474;6820;werewolf;1138039608;23/01/2006 18:06
474;6832;amnesia;1138307274;26/01/2006 20:27
474;6849;Christmas;1137374871;16/01/2006 01:27
474;6852;black and white;1138307125;26/01/2006 20:25
474;6852;Capote;1138307125;26/01/2006 20:25
474;6852;crime;1138307125;26/01/2006 20:25
474;6852;death penalty;1138307125;26/01/2006 20:25
474;6852;murder;1138307125;26/01/2006 20:25
474;6856;biopic;1138039917;23/01/2006 18:11
474;6863;school;1138307284;26/01/2006 20:28
474;6867;trains;1138039811;23/01/2006 18:10
474;6870;child abuse;1138307224;26/01/2006 20:27
474;6870;kidnapping;1138307224;26/01/2006 20:27
474;6874;martial arts;1138039672;23/01/2006 18:07
474;6874;revenge;1138039672;23/01/2006 18:07
474;6881;Thanksgiving;1137181567;13/01/2006 19:46
474;6890;adolescence;1138039574;23/01/2006 18:06
474;6890;violence in america;1138039574;23/01/2006 18:06
474;6909;transplants;1138039587;23/01/2006 18:06
474;6912;Rita Hayworth can dance!;1137179371;13/01/2006 19:09
474;6918;India;1138039870;23/01/2006 18:11
474;6932;journalism;1137181582;13/01/2006 19:46
474;6936;christmas;1138039581;23/01/2006 18:06
474;6944;remake;1137374824;16/01/2006 01:27
474;6944;wedding;1137374824;16/01/2006 01:27
474;6948;music business;1138039867;23/01/2006 18:11
474;6948;rap;1138039867;23/01/2006 18:11
474;6963;Amish;1137181478;13/01/2006 19:44
474;6970;Hepburn and Tracy;1137521576;17/01/2006 18:12
474;6979;Cold War;1138039874;23/01/2006 18:11
474;6981;religion;1138039909;23/01/2006 18:11
474;6984;Dickens;1138039822;23/01/2006 18:10
474;6985;saint;1137206024;14/01/2006 02:33
474;6993;family;1138039618;23/01/2006 18:06
474;7013;good and evil;1137206020;14/01/2006 02:33
474;7018;court;1137375276;16/01/2006 01:34
474;7018;Scott Turow;1137375276;16/01/2006 01:34
474;7023;In Netflix queue;1137179697;13/01/2006 19:14
474;7025;In Netflix queue;1137179593;13/01/2006 19:13
474;7049;Astaire and Rogers;1137784580;20/01/2006 19:16
474;7050;Astaire and Rogers;1137784592;20/01/2006 19:16
474;7053;Astaire and Rogers;1138039791;23/01/2006 18:09
474;7055;Astaire and Rogers;1138039819;23/01/2006 18:10
474;7059;horses;1138039728;23/01/2006 18:08
474;7061;terminal illness;1138039554;23/01/2006 18:05
474;7062;birds;1138039535;23/01/2006 18:05
474;7062;prison;1138039535;23/01/2006 18:05
474;7069;In Netflix queue;1137201628;14/01/2006 01:20
474;7069;Shakespeare;1137201628;14/01/2006 01:20
474;7070;cattle drive;1138039780;23/01/2006 18:09
474;7071;In Netflix queue;1137201154;14/01/2006 01:12
474;7073;Clousseau;1137375451;16/01/2006 01:37
474;7079;disability;1137375406;16/01/2006 01:36
474;7086;George Bernard Shaw;1137201703;14/01/2006 01:21
474;7087;E.M. Forster;1138039751;23/01/2006 18:09
474;7088;In Netflix queue;1137202031;14/01/2006 01:27
474;7090;martial arts;1138039622;23/01/2006 18:07
474;7091;Marx brothers;1138559500;29/01/2006 18:31
474;7121;Hepburn and Tracy;1137181204;13/01/2006 19:40
474;7132;Marx brothers;1138039735;23/01/2006 18:08
474;7132;opera;1138039735;23/01/2006 18:08
474;7139;immigrants;1138039653;23/01/2006 18:07
474;7141;In Netflix queue;1137201569;14/01/2006 01:19
474;7153;Tolkein;1137181217;13/01/2006 19:40
474;7156;Vietnam;1138039601;23/01/2006 18:06
474;7158;real estate;1137205933;14/01/2006 02:32
474;7160;serial killer;1138039725;23/01/2006 18:08
474;7162;Civil War;1138039548;23/01/2006 18:05
474;7190;Charlotte Bronte;1140047502;15/02/2006 23:51
474;7212;cross dressing;1138039664;23/01/2006 18:07
474;7212;men in drag;1138039664;23/01/2006 18:07
474;7217;amnesia;1137521621;17/01/2006 18:13
474;7218;In Netflix queue;1137179905;13/01/2006 19:18
474;7219;truckers;1138039826;23/01/2006 18:10
474;7234;circus;1137206103;14/01/2006 02:35
474;7256;mountain climbing;1138039857;23/01/2006 18:10
474;7285;adolescence;1138039837;23/01/2006 18:10
474;7301;priest;1137521429;17/01/2006 18:10
474;7301;religion;1137521429;17/01/2006 18:10
474;7318;religion;1138039757;23/01/2006 18:09
474;7323;Cold War;1138039614;23/01/2006 18:06
474;7361;memory;1137205808;14/01/2006 02:30
474;7371;Grace;1137205800;14/01/2006 02:30
474;7382;adolescence;1138039629;23/01/2006 18:07
474;7382;crime;1138039629;23/01/2006 18:07
474;7438;revenge;1137205948;14/01/2006 02:32
474;7440;Holocaust;1142279175;13/03/2006 19:46
474;7451;High School;1137205962;14/01/2006 02:32
474;7479;World War II;1138039893;23/01/2006 18:11
474;7493;multiple personalities;1138039850;23/01/2006 18:10
474;7572;cancer;1137181595;13/01/2006 19:46
474;7584;Hepburn and Tracy;1138039906;23/01/2006 18:11
474;7584;marriage;1138039906;23/01/2006 18:11
474;7614;Rogers and Hammerstein;1138040199;23/01/2006 18:16
474;7618;biopic;1137201647;14/01/2006 01:20
474;7618;In Netflix queue;1137201648;14/01/2006 01:20
474;7619;blindness;1138040167;23/01/2006 18:16
474;7619;deaf;1138040171;23/01/2006 18:16
474;7646;Stephen King;1137374860;16/01/2006 01:27
474;7649;space station;1138039958;23/01/2006 18:12
474;7700;In Netflix queue;1137201116;14/01/2006 01:11
474;7705;Hepburn and Tracy;1137521641;17/01/2006 18:14
474;7705;sports;1137521641;17/01/2006 18:14
474;7713;sexuality;1138040011;23/01/2006 18:13
474;7714;King Arthur;1138039998;23/01/2006 18:13
474;7728;adultery;1138040205;23/01/2006 18:16
474;7748;In Netflix queue;1137202002;14/01/2006 01:26
474;7766;MacBeth;1138040268;23/01/2006 18:17
474;7789;terrorism;1138039932;23/01/2006 18:12
474;7792;In Netflix queue;1137200939;14/01/2006 01:08
474;7831;Nick and Nora Charles;1137201638;14/01/2006 01:20
474;7832;Nick and Nora Charles;1137201717;14/01/2006 01:21
474;7833;Nick and Nora Charles;1137201661;14/01/2006 01:21
474;7834;Nick and Nora Charles;1137200666;14/01/2006 01:04
474;7835;Nick and Nora Charles;1137201747;14/01/2006 01:22
474;7924;In Netflix queue;1137201677;14/01/2006 01:21
474;7926;In Netflix queue;1137179753;13/01/2006 19:15
474;7932;Amtrak;1137271192;14/01/2006 20:39
474;7932;Homeless;1137271192;14/01/2006 20:39
474;7932;independent;1137271192;14/01/2006 20:39
474;7932;New York;1137271192;14/01/2006 20:39
474;7932;Sundance award winner;1137271191;14/01/2006 20:39
474;7932;Train;1137271192;14/01/2006 20:39
474;7934;psychology;1138040275;23/01/2006 18:17
474;7981;police;1138040118;23/01/2006 18:15
474;7983;show business;1138039989;23/01/2006 18:13
474;8011;politics;1143998541;02/04/2006 17:22
474;8014;In Netflix queue;1137200544;14/01/2006 01:02
474;8019;remade;1138040062;23/01/2006 18:14
474;8033;In Netflix queue;1137200492;14/01/2006 01:01
474;8094;In Netflix queue;1137179631;13/01/2006 19:13
474;8153;Van Gogh;1137375419;16/01/2006 01:36
474;8167;swashbuckler;1138040004;23/01/2006 18:13
474;8183;In Netflix queue;1137201001;14/01/2006 01:10
474;8188;Not available from Netflix;1137179956;13/01/2006 19:19
474;8190;In Netflix queue;1137201864;14/01/2006 01:24
474;8191;Anne Boleyn;1138039949;23/01/2006 18:12
474;8197;In Netflix queue;1137202144;14/01/2006 01:29
474;8207;assassination;1138040067;23/01/2006 18:14
474;8228;heist;1138040147;23/01/2006 18:15
474;8235;Clock;1137202793;14/01/2006 01:39
474;8266;Prince;1137375433;16/01/2006 01:37
474;8275;In Netflix queue;1137201789;14/01/2006 01:23
474;8337;military;1138039993;23/01/2006 18:13
474;8338;convent;1138039973;23/01/2006 18:12
474;8338;religion;1138039973;23/01/2006 18:12
474;8341;Dickens;1137200651;14/01/2006 01:04
474;8360;ogres;1138040236;23/01/2006 18:17
474;8366;pregnancy;1138040220;23/01/2006 18:17
474;8366;religion;1138040220;23/01/2006 18:17
474;8368;Magic;1137202784;14/01/2006 01:39
474;8368;Wizards;1137202784;14/01/2006 01:39
474;8375;politics;1137375412;16/01/2006 01:36
474;8376;high school;1138040176;23/01/2006 18:16
474;8379;In Netflix queue;1137200899;14/01/2006 01:08
474;8382;death;1137375392;16/01/2006 01:36
474;8424;divorce;1138040077;23/01/2006 18:14
474;8446;World War II;1137375442;16/01/2006 01:37
474;8463;deafness;1138040133;23/01/2006 18:15
474;8464;food;1138040254;23/01/2006 18:17
474;8464;McDonalds;1138040254;23/01/2006 18:17
474;8507;circus;1138040090;23/01/2006 18:14
474;8530;Ireland;1138040071;23/01/2006 18:14
474;8580;fairy tales;1137201021;14/01/2006 01:10
474;8580;In Netflix queue;1137201021;14/01/2006 01:10
474;8607;In Netflix queue;1137201077;14/01/2006 01:11
474;8609;In Netflix queue;1137179727;13/01/2006 19:15
474;8622;politics;1138040083;23/01/2006 18:14
474;8622;terrorism;1138040083;23/01/2006 18:14
474;8636;Doc Ock;1137202798;14/01/2006 01:39
474;8638;generation X;1138039967;23/01/2006 18:12
474;8645;drugs;1138040155;23/01/2006 18:15
474;8645;immigrants;1138040155;23/01/2006 18:15
474;8695;court;1137375369;16/01/2006 01:36
474;8714;Cole Porter;1137375425;16/01/2006 01:37
474;8754;Oscar (Best Actress);1142282521;13/03/2006 20:42
474;8765;In Netflix queue;1137179707;13/01/2006 19:15
474;8784;psychology;1138040105;23/01/2006 18:15
474;8796;Rome;1137375385;16/01/2006 01:36
474;8809;Australia;1138040052;23/01/2006 18:14
474;8827;Stand Up;1138039969;23/01/2006 18:12
474;8838;In Netflix queue;1137179758;13/01/2006 19:15
474;8874;zombies;1138040225;23/01/2006 18:17
474;8875;alcoholism;1138040042;23/01/2006 18:14
474;8875;marriage;1138040042;23/01/2006 18:14
474;8879;Agatha Christie;1145755135;23/04/2006 01:18
474;8879;Oscar (Best Supporting Actress);1145755138;23/04/2006 01:18
474;8879;train;1145755140;23/04/2006 01:19
474;8880;disability;1138040162;23/01/2006 18:16
474;8914;time travel;1138040211;23/01/2006 18:16
474;8920;Oscar (Best Actress);1142282522;13/03/2006 20:42
474;8938;parenthood;1138040262;23/01/2006 18:17
474;8938;psychology;1138040262;23/01/2006 18:17
474;8943;stage;1137375373;16/01/2006 01:36
474;8949;wine;1138040242;23/01/2006 18:17
474;8950;psychology;1138040138;23/01/2006 18:15
474;8951;abortion;1138040272;23/01/2006 18:17
474;8958;biopic;1138040214;23/01/2006 18:16
474;8961;Disney;1138040115;23/01/2006 18:15
474;8961;superhero;1138040115;23/01/2006 18:15
474;8970;Peter Pan;1138040086;23/01/2006 18:14
474;8979;Hearst;1137521449;17/01/2006 18:10
474;8983;martial arts;1138040109;23/01/2006 18:15
474;8998;In Netflix queue;1137179738;13/01/2006 19:15
474;9018;journalism;1138040046;23/01/2006 18:14
474;25753;gold;1139940948;14/02/2006 18:15
474;25825;revenge;1137205843;14/01/2006 02:30
474;25841;show business;1138040249;23/01/2006 18:17
474;25855;In Netflix queue;1137179637;13/01/2006 19:13
474;25865;In Netflix queue;1137201652;14/01/2006 01:20
474;25886;made me cry;1137206038;14/01/2006 02:33
474;25940;mirrors;1137521290;17/01/2006 18:08
474;25952;In Netflix queue;1137179713;13/01/2006 19:15
474;26085;Not available from Netflix;1137179665;13/01/2006 19:14
474;26131;In Netflix queue;1137200982;14/01/2006 01:09
474;26151;donkey;1145749895;22/04/2006 23:51
474;26242;In Netflix queue;1137179570;13/01/2006 19:12
474;26662;anime;1138040136;23/01/2006 18:15
474;26776;In Netflix queue;1137179786;13/01/2006 19:16
474;27731;In Netflix queue;1137201122;14/01/2006 01:12
474;27741;In Netflix queue;1137179587;13/01/2006 19:13
474;27790;religion;1138040326;23/01/2006 18:18
474;27790;saints;1138040326;23/01/2006 18:18
474;27820;Animal movie;1138040358;23/01/2006 18:19
474;27820;camels;1138040358;23/01/2006 18:19
474;27834;fatherhood;1138040348;23/01/2006 18:19
474;27838;revenge;1137205953;14/01/2006 02:32
474;27878;India;1138038974;23/01/2006 17:56
474;27882;surfing;1139939407;14/02/2006 17:50
474;30707;boxing;1138040320;23/01/2006 18:18
474;30749;genocide;1137205917;14/01/2006 02:31
474;30793;roald dahl;1138038979;23/01/2006 17:56
474;30812;biopic;1138038949;23/01/2006 17:55
474;30812;Howard Hughes;1138038949;23/01/2006 17:55
474;30812;movie business;1138038949;23/01/2006 17:55
474;30820;child abuse;1137206121;14/01/2006 02:35
474;30822;busniess;1137205938;14/01/2006 02:32
474;30850;Shakespeare;1137181555;13/01/2006 19:45
474;31030;motherhood;1138040311;23/01/2006 18:18
474;31437;orphans;1138040341;23/01/2006 18:19
474;31658;06 Oscar Nominated Best Movie - Animation;1145451856;19/04/2006 13:04
474;31658;In Netflix queue;1137201531;14/01/2006 01:18
474;31903;marriage;1138040364;23/01/2006 18:19
474;31923;In Netflix queue;1137200865;14/01/2006 01:07
474;32160;In Netflix queue;1137179674;13/01/2006 19:14
474;32371;In Netflix queue;1137202044;14/01/2006 01:27
474;32582;birds;1138804206;01/02/2006 14:30
474;32582;parrots;1138804206;01/02/2006 14:30
474;32584;fatherhood;1138038959;23/01/2006 17:55
474;33154;business;1137766122;20/01/2006 14:08
474;33154;money;1137766122;20/01/2006 14:08
474;33154;scandal;1137766123;20/01/2006 14:08
474;33166;racism;1138038982;23/01/2006 17:56
474;33493;space;1137206087;14/01/2006 02:34
474;33493;space opera;1137206087;14/01/2006 02:34
474;33660;boxing;1137201602;14/01/2006 01:20
474;34271;hip hop;1141848751;08/03/2006 20:12
474;34359;pregnancy;1138040301;23/01/2006 18:18
474;34405;Firefly;1137181624;13/01/2006 19:47
474;34437;In Netflix queue;1137179720;13/01/2006 19:15
474;34482;In Netflix queue;1137202180;14/01/2006 01:29
474;34528;pregnancy;1139693892;11/02/2006 21:38
474;34542;Animal movie;1138039000;23/01/2006 17:56
474;34542;bears;1138039000;23/01/2006 17:56
474;35015;Animal movie;1137180081;13/01/2006 19:21
474;35015;In Netflix queue;1137202200;14/01/2006 01:30
474;36517;Africa;1139234947;06/02/2006 14:09
474;36517;business;1139234947;06/02/2006 14:09
474;36517;politics;1139234947;06/02/2006 14:09
474;36527;mathematics;1137201998;14/01/2006 01:26
474;36535;In Netflix queue;1137201162;14/01/2006 01:12
474;37240;In Netflix queue;1138804230;01/02/2006 14:30
474;37729;06 Oscar Nominated Best Movie - Animation;1139059938;04/02/2006 13:32
474;37733;In Netflix queue;1137200955;14/01/2006 01:09
474;37736;Dickens;1139940656;14/02/2006 18:10
474;37741;Truman Capote;1142996187;22/03/2006 02:56
474;38038;06 Oscar Nominated Best Movie - Animation;1139664190;11/02/2006 13:23
474;38038;Aardman;1139664221;11/02/2006 13:23
474;38061;In Netflix queue;1137179624;13/01/2006 19:13
474;38886;divorce;1145451837;19/04/2006 13:03
474;39234;courtroom drama;1140576326;22/02/2006 02:45
474;39234;In Netflix queue;1137202089;14/01/2006 01:28
474;39292;In Netflix queue;1137201595;14/01/2006 01:19
474;39292;journalism;1137201595;14/01/2006 01:19
474;39292;McCarthy hearings;1137201595;14/01/2006 01:19
474;39292;Morrow;1137201595;14/01/2006 01:19
474;40583;In Netflix queue;1137200527;14/01/2006 01:02
474;40629;In Netflix queue;1137179797;13/01/2006 19:16
474;40815;Magic;1137202776;14/01/2006 01:39
474;40815;Wizards;1137202776;14/01/2006 01:39
474;40819;Johnny Cash;1137200595;14/01/2006 01:03
474;41566;C.S. Lewis;1137181617;13/01/2006 19:46
474;41997;In Netflix queue;1137179603;13/01/2006 19:13
474;42002;In Netflix queue;1137202150;14/01/2006 01:29
474;42740;In Netflix queue;1138804237;01/02/2006 14:30
477;32;Brad Pitt;1242494310;16/05/2009 17:18
477;32;Bruce Willis;1242494306;16/05/2009 17:18
477;32;mindfuck;1242494321;16/05/2009 17:18
477;32;Post apocalyptic;1242494300;16/05/2009 17:18
477;32;post-apocalyptic;1242494300;16/05/2009 17:18
477;32;remake;1242494315;16/05/2009 17:18
477;32;time travel;1242494304;16/05/2009 17:18
477;32;twist ending;1242494302;16/05/2009 17:18
477;34;villain nonexistent or not needed for good story;1244787845;12/06/2009 06:24
477;104;Adam Sandler;1244787691;12/06/2009 06:21
477;216;Adam Sandler;1244787718;12/06/2009 06:21
477;216;stop looking at me swan;1244787726;12/06/2009 06:22
477;318;Morgan Freeman;1244566076;09/06/2009 16:47
477;541;androids;1262795764;06/01/2010 16:36
477;541;artificial intelligence;1262795769;06/01/2010 16:36
477;541;atmospheric;1262795768;06/01/2010 16:36
477;541;cyberpunk;1262795770;06/01/2010 16:36
477;541;future;1262795772;06/01/2010 16:36
477;541;mindfuck;1262795778;06/01/2010 16:36
477;541;Philip K. Dick;1262795776;06/01/2010 16:36
477;589;Scifi masterpiece;1201166474;24/01/2008 09:21
477;593;disturbing;1241396359;04/05/2009 00:19
477;593;drama;1241396391;04/05/2009 00:19
477;593;gothic;1241396378;04/05/2009 00:19
477;593;psychology;1241396367;04/05/2009 00:19
477;593;suspense;1241396389;04/05/2009 00:19
477;733;Michael Bay;1241938858;10/05/2009 07:00
477;733;terrorism;1241938853;10/05/2009 07:00
477;750;black comedy;1242494959;16/05/2009 17:29
477;750;dark comedy;1242494953;16/05/2009 17:29
477;750;satire;1242494951;16/05/2009 17:29
477;832;GIVE ME BACK MY SON!;1269832636;29/03/2010 03:17
477;832;It was melodramatic and kind of dumb;1269832633;29/03/2010 03:17
477;832;Mel Gibson;1269832629;29/03/2010 03:17
477;903;Alfred Hitchcock;1242577125;17/05/2009 16:18
477;903;Atmospheric;1242577135;17/05/2009 16:18
477;903;imdb top 250;1242577117;17/05/2009 16:18
477;903;James Stewart;1242577112;17/05/2009 16:18
477;904;imdb top 250;1242577077;17/05/2009 16:17
477;904;James Stewart;1242577056;17/05/2009 16:17
477;904;mystery;1242577064;17/05/2009 16:17
477;904;photographer;1242577068;17/05/2009 16:17
477;904;photography;1242577070;17/05/2009 16:17
477;908;Alfred Hitchcock;1242577097;17/05/2009 16:18
477;908;imdb top 250;1242577100;17/05/2009 16:18
477;922;eerie;1245030098;15/06/2009 01:41
477;922;movie business;1245030089;15/06/2009 01:41
477;1089;humorous;1242494883;16/05/2009 17:28
477;1089;neo-noir;1242494879;16/05/2009 17:27
477;1089;Quentin Tarantino;1242494874;16/05/2009 17:27
477;1089;religion;1242494896;16/05/2009 17:28
477;1089;Tarantino;1242494887;16/05/2009 17:28
477;1196;classic;1262795806;06/01/2010 16:36
477;1196;George Lucas;1262795793;06/01/2010 16:36
477;1196;Harrison Ford;1262795792;06/01/2010 16:36
477;1196;music;1262795815;06/01/2010 16:36
477;1196;original plot;1262795808;06/01/2010 16:36
477;1196;sci-fi;1262795797;06/01/2010 16:36
477;1196;sequel;1262795800;06/01/2010 16:36
477;1219;Alfred Hitchcock;1242577153;17/05/2009 16:19
477;1219;black and white;1242577173;17/05/2009 16:19
477;1219;imdb top 250;1242577161;17/05/2009 16:19
477;1219;remade;1242577165;17/05/2009 16:19
477;1222;anti-war;1242494925;16/05/2009 17:28
477;1274;animation;1244787931;12/06/2009 06:25
477;1274;anime;1244787929;12/06/2009 06:25
477;1274;visually stunning;1244787944;12/06/2009 06:25
477;2393;cameo:Whoopi Goldberg;1242278473;14/05/2009 05:21
477;2393;space opera;1242278463;14/05/2009 05:21
477;2393;Star Trek;1242278464;14/05/2009 05:21
477;2694;Adam Sandler;1244787788;12/06/2009 06:23
477;2706;best comedy;1244707216;11/06/2009 08:00
477;2706;Chris Klein;1244707221;11/06/2009 08:00
477;2706;dumb;1244707211;11/06/2009 08:00
477;2706;Jason Biggs;1244707223;11/06/2009 08:00
477;2706;not funny;1244707227;11/06/2009 08:00
477;2706;pizza beer;1244707207;11/06/2009 08:00
477;2706;Seann William Scott;1244707224;11/06/2009 08:00
477;2706;teen;1244707202;11/06/2009 08:00
477;2761;animation;1244787872;12/06/2009 06:24
477;3000;adventure;1241396438;04/05/2009 00:20
477;3000;atmospheric;1241396434;04/05/2009 00:20
477;3000;fantasy world;1241396427;04/05/2009 00:20
477;3000;Studio Ghibli;1241396420;04/05/2009 00:20
477;3000;surreal;1241396422;04/05/2009 00:20
477;3527;aliens;1278683918;09/07/2010 13:58
477;3527;Arnold Schwarzenegger;1269832592;29/03/2010 03:16
477;3527;dialogue;1269832605;29/03/2010 03:16
477;3527;guns;1278683912;09/07/2010 13:58
477;3527;Jesse Ventura;1269832593;29/03/2010 03:16
477;3527;macho;1269832597;29/03/2010 03:16
477;3527;sci-fi;1269832609;29/03/2010 03:16
477;3527;scifi cult;1269832612;29/03/2010 03:16
477;3994;atmospheric;1241396301;04/05/2009 00:18
477;3994;comics;1241396280;04/05/2009 00:18
477;3994;father-son relationship;1241396313;04/05/2009 00:18
477;3994;mindfuck;1241396308;04/05/2009 00:18
477;3994;unique;1241396293;04/05/2009 00:18
477;4226;mystery;1256051072;20/10/2009 15:04
477;4226;twist ending;1256051079;20/10/2009 15:04
477;4454;claymation;1245030193;15/06/2009 01:43
477;4454;creativity;1245030187;15/06/2009 01:43
477;4454;dystopia;1245030190;15/06/2009 01:43
477;4454;free to download;1245030175;15/06/2009 01:42
477;4454;imagination;1245030178;15/06/2009 01:42
477;4454;no dialogue;1245030196;15/06/2009 01:43
477;4454;social commentary;1245030185;15/06/2009 01:43
477;4725;mental hospital;1252820163;13/09/2009 05:36
477;4725;psychology;1252820170;13/09/2009 05:36
477;4725;suspense;1252820168;13/09/2009 05:36
477;4725;Well Done;1252820180;13/09/2009 05:36
477;4878;dreamlike;1242494462;16/05/2009 17:21
477;4878;hallucinatory;1242494486;16/05/2009 17:21
477;4878;mental illness;1242494483;16/05/2009 17:21
477;4878;psychology;1242494469;16/05/2009 17:21
477;4878;social commentary;1242494478;16/05/2009 17:21
477;4878;teen;1242494496;16/05/2009 17:21
477;4878;thought-provoking;1242494462;16/05/2009 17:21
477;5459;crappy sequel;1262795620;06/01/2010 16:33
477;5459;first was much better;1262795632;06/01/2010 16:33
477;5459;sequel;1262795653;06/01/2010 16:34
477;7361;cult film;1242494340;16/05/2009 17:19
477;7361;imagination;1256051047;20/10/2009 15:04
477;7361;Jim Carrey;1242494357;16/05/2009 17:19
477;7361;love;1256051045;20/10/2009 15:04
477;7361;surreal;1256051041;20/10/2009 15:04
477;7439;comic book;1201196824;24/01/2008 17:47
477;8783;Atmospheric;1242580424;17/05/2009 17:13
477;8783;good soundtrack;1242580444;17/05/2009 17:14
477;8783;M. Night Shyamalan;1242580441;17/05/2009 17:14
477;8961;animation;1244789192;12/06/2009 06:46
477;8961;Samuel L. Jackson;1244789197;12/06/2009 06:46
477;41569;big budget;1262795959;06/01/2010 16:39
477;42422;love;1252377761;08/09/2009 02:42
477;45499;Halle Berry;1262795979;06/01/2010 16:39
477;45499;Hugh Jackman;1262795972;06/01/2010 16:39
477;45730;bad;1242580531;17/05/2009 17:15
477;45730;disappointing;1242580521;17/05/2009 17:15
477;45730;faerie tale;1242580526;17/05/2009 17:15
477;45730;fairy tale;1242580523;17/05/2009 17:15
477;45730;far fetched;1242580497;17/05/2009 17:14
477;45730;M. Night Shyamalan;1242580504;17/05/2009 17:15
477;45730;Paul Giamatti;1242580508;17/05/2009 17:15
477;47610;costume drama;1242580608;17/05/2009 17:16
477;47610;Edward Norton;1242580578;17/05/2009 17:16
477;47610;magic;1242580595;17/05/2009 17:16
477;47610;Paul Giamatti;1242580580;17/05/2009 17:16
477;52885;dreamlike;1256051008;20/10/2009 15:03
477;53468;zombies;1254101434;28/09/2009 01:30
477;54503;friendship;1244566102;09/06/2009 16:48
477;54503;high school;1244566117;09/06/2009 16:48
477;54503;Michael Cera;1244566094;09/06/2009 16:48
477;54503;nerds;1244566133;09/06/2009 16:48
477;54503;self discovery;1244566119;09/06/2009 16:48
477;54503;shenanigans;1244566122;09/06/2009 16:48
477;54503;virginity;1244566127;09/06/2009 16:48
477;55167;anime;1282924582;27/08/2010 15:56
477;56174;alone in the world;1262795676;06/01/2010 16:34
477;56174;apocalypse;1262795677;06/01/2010 16:34
477;56174;based on a book;1262795681;06/01/2010 16:34
477;56174;last man on earth;1262795684;06/01/2010 16:34
477;56174;plot holes;1262795671;06/01/2010 16:34
477;56174;Post apocalyptic;1262795695;06/01/2010 16:34
477;56174;post-apocalyptic;1262795699;06/01/2010 16:34
477;56174;religion;1262795669;06/01/2010 16:34
477;56174;vampire;1262795702;06/01/2010 16:35
477;56367;Michael Cera;1244566158;09/06/2009 16:49
477;56367;notable soundtrack;1244566156;09/06/2009 16:49
477;56367;pregnancy;1244566154;09/06/2009 16:49
477;56367;teenage pregnancy;1244566153;09/06/2009 16:49
477;56367;witty;1244566176;09/06/2009 16:49
477;57669;black comedy;1269832562;29/03/2010 03:16
477;57669;Colin Farrell;1269832561;29/03/2010 03:16
477;57669;dark comedy;1269832559;29/03/2010 03:15
477;57669;drugs;1269832564;29/03/2010 03:16
477;57669;friendship;1269832567;29/03/2010 03:16
477;57669;irreverent;1269832579;29/03/2010 03:16
477;57669;Ralph Fiennes;1269832572;29/03/2010 03:16
477;57669;stylized;1269832574;29/03/2010 03:16
477;59141;movies about movies;1241396155;04/05/2009 00:15
477;60069;last man on earth;1241396252;04/05/2009 00:17
477;60069;love story;1241396256;04/05/2009 00:17
477;60069;Post apocalyptic;1241396239;04/05/2009 00:17
477;60069;social commentary;1241396236;04/05/2009 00:17
477;61323;Brad Pitt;1269832483;29/03/2010 03:14
477;61323;Coen Bros;1269832486;29/03/2010 03:14
477;61323;Coen Brothers;1269832484;29/03/2010 03:14
477;61323;dark comedy;1269832488;29/03/2010 03:14
477;61323;espionage;1269832491;29/03/2010 03:14
477;61323;George Clooney;1269832490;29/03/2010 03:14
477;61323;John Malkovich;1269832492;29/03/2010 03:14
477;61323;satire;1269832497;29/03/2010 03:14
477;61323;twists & turns;1269832504;29/03/2010 03:15
477;61323;weird;1269832501;29/03/2010 03:15
477;62336;2D animation;1282924611;27/08/2010 15:56
477;62336;cult film;1282924621;27/08/2010 15:57
477;62336;stylish;1282924615;27/08/2010 15:56
477;62336;surreal;1282924617;27/08/2010 15:56
477;66934;joss whedon;1244788368;12/06/2009 06:32
477;66934;Nathan Fillion;1244788378;12/06/2009 06:32
477;66934;Neil Patrick Harris;1244788374;12/06/2009 06:32
477;66934;parody;1244788359;12/06/2009 06:32
477;67087;Andy Samberg;1269833868;29/03/2010 03:37
477;67087;bromance;1269833887;29/03/2010 03:38
477;67087;bromantic;1269833884;29/03/2010 03:38
477;67087;comedy;1269833878;29/03/2010 03:37
477;67087;Jaime Pressly;1269833873;29/03/2010 03:37
477;67087;Jason Segel;1269833863;29/03/2010 03:37
477;67087;masculinity;1269833871;29/03/2010 03:37
477;67087;Paul Rudd;1269833866;29/03/2010 03:37
477;68237;2001-like;1252898614;14/09/2009 03:23
477;68237;Sci-fi;1252898620;14/09/2009 03:23
477;68237;solitude;1252898625;14/09/2009 03:23
477;68319;bad plot;1262795886;06/01/2010 16:38
477;68319;comic book;1241938912;10/05/2009 07:01
477;68319;hugh jackman;1262795892;06/01/2010 16:38
477;68319;Ryan Reynolds;1262795891;06/01/2010 16:38
477;68319;too many characters;1241941484;10/05/2009 07:44
477;68358;future;1245030304;15/06/2009 01:45
477;68358;lack of development;1262795924;06/01/2010 16:38
477;68358;lack of story;1262795926;06/01/2010 16:38
477;68358;quick cuts;1245030309;15/06/2009 01:45
477;68358;sci-fi;1262795933;06/01/2010 16:38
477;68358;Simon Pegg;1245030316;15/06/2009 01:45
477;68358;space;1262795932;06/01/2010 16:38
477;68358;space travel;1262795931;06/01/2010 16:38
477;68358;time travel;1262795929;06/01/2010 16:38
477;68791;artificial intelligence;1262795849;06/01/2010 16:37
477;68791;bad acting;1262795862;06/01/2010 16:37
477;68791;bad plot;1262795842;06/01/2010 16:37
477;68791;bad script;1262795859;06/01/2010 16:37
477;68791;Christian Bale;1262795846;06/01/2010 16:37
477;68791;FIGHTING THE SYSTEM;1262795852;06/01/2010 16:37
477;68791;franchise;1262795875;06/01/2010 16:37
477;68791;new composer;1243401981;27/05/2009 05:26
477;68791;post-apocalyptic;1262795854;06/01/2010 16:37
477;68791;robots;1243401992;27/05/2009 05:26
477;68791;sci-fi;1262795871;06/01/2010 16:37
477;68791;sequel;1262795873;06/01/2010 16:37
477;68945;Recap;1246349071;30/06/2009 08:04
477;69526;bad plot;1262795720;06/01/2010 16:35
477;69526;Michael Bay;1262795729;06/01/2010 16:35
477;69526;needed more autobots;1246346162;30/06/2009 07:16
477;69526;plot holes;1262795732;06/01/2010 16:35
477;69526;ridiculous;1262795737;06/01/2010 16:35
477;69526;Shia LaBeouf;1246346172;30/06/2009 07:16
477;69526;stop using useless characters for filler;1246346159;30/06/2009 07:15
477;69757;artistic;1279956134;24/07/2010 07:22
477;69757;Funny;1279956141;24/07/2010 07:22
477;69757;humorous;1279956124;24/07/2010 07:22
477;69757;inspiring;1279956130;24/07/2010 07:22
477;69757;intelligent;1279956132;24/07/2010 07:22
477;69757;quirky;1279956145;24/07/2010 07:22
477;69757;romance;1279956123;24/07/2010 07:22
477;69757;Zooey Deschanel;1279956120;24/07/2010 07:22
477;70286;intelligent sci-fi;1250476969;17/08/2009 02:42
477;72224;bad humor;1296891269;05/02/2011 07:34
477;72998;bad science;1262707524;05/01/2010 16:05
477;72998;futuristic;1262707531;05/01/2010 16:05
477;72998;graphic design;1262707532;05/01/2010 16:05
477;72998;James Cameron;1262707536;05/01/2010 16:05
477;72998;military;1262707534;05/01/2010 16:05
477;72998;poor dialogue;1262707537;05/01/2010 16:05
477;72998;sci-fi;1262707551;05/01/2010 16:05
477;72998;superficial plot;1262707525;05/01/2010 16:05
477;72998;unoriginal;1262794416;06/01/2010 16:13
477;72998;white guilt;1262707542;05/01/2010 16:05
477;79132;dreamlike;1280608188;31/07/2010 20:29
477;79132;surreal;1280608178;31/07/2010 20:29
477;79132;visually appealing;1280608181;31/07/2010 20:29
477;79702;geeky;1282923864;27/08/2010 15:44
477;79702;Michael Cera;1282923853;27/08/2010 15:44
477;79702;stylized;1282923856;27/08/2010 15:44
477;79702;video games;1282923860;27/08/2010 15:44
477;82242;male nudity;1293690470;30/12/2010 06:27
477;82461;action choreography;1296891206;05/02/2011 07:33
477;82461;Horrid characterisation;1296891200;05/02/2011 07:33
477;82461;Poor plot development;1296891195;05/02/2011 07:33
477;82461;sequel;1296891202;05/02/2011 07:33
477;82461;soundtrack;1296891203;05/02/2011 07:33
487;112552;passion;1429347541;18/04/2015 08:59
487;112552;psychological;1429347541;18/04/2015 08:59
487;112552;suspense;1429347541;18/04/2015 08:59
506;112552;jazz;1424487178;21/02/2015 02:52
506;112552;music;1424487178;21/02/2015 02:52
506;112552;tense;1424487178;21/02/2015 02:52
509;80834;adventure;1435992979;04/07/2015 06:56
509;80834;animation;1435992979;04/07/2015 06:56
509;80834;fantasy;1435992979;04/07/2015 06:56
513;750;purity of essence;1159980456;04/10/2006 16:47
513;750;Slim Pickens;1159980456;04/10/2006 16:47
513;6787;Deep Throat;1159980769;04/10/2006 16:52
520;3039;Dan Aykroyd;1326608424;15/01/2012 06:20
520;60516;enjoyable;1326610782;15/01/2012 06:59
533;356;bubba gump shrimp;1424753866;24/02/2015 04:57
533;356;lieutenant dan;1424753866;24/02/2015 04:57
533;356;stupid is as stupid does;1424753866;24/02/2015 04:57
537;527;based on a true story;1424142072;17/02/2015 03:01
537;527;biography;1424142112;17/02/2015 03:01
537;527;disturbing;1424142113;17/02/2015 03:01
537;527;holocaust;1424142110;17/02/2015 03:01
537;1625;Mystery;1424141701;17/02/2015 02:55
537;1721;romance;1424141922;17/02/2015 02:58
537;2329;edward norton;1424141449;17/02/2015 02:50
537;2329;emotional;1424141459;17/02/2015 02:50
537;2329;politics;1424141461;17/02/2015 02:51
537;2571;philosophy;1424141098;17/02/2015 02:44
537;2571;post apocalyptic;1424141101;17/02/2015 02:45
537;3949;depressing;1424141547;17/02/2015 02:52
537;3949;psychology;1424141551;17/02/2015 02:52
537;5989;cheating;1424139697;17/02/2015 02:21
537;5989;intelligent;1424139627;17/02/2015 02:20
537;5989;Leonardo DiCaprio;1424139605;17/02/2015 02:20
537;5989;lies;1424139629;17/02/2015 02:20
537;5989;smart;1424139670;17/02/2015 02:21
537;5989;Tom Hanks;1424139608;17/02/2015 02:20
537;5989;twists & turns;1424139659;17/02/2015 02:20
537;8533;memory loss;1424141963;17/02/2015 02:59
537;8533;romance;1424141953;17/02/2015 02:59
537;8533;sad;1424141974;17/02/2015 02:59
537;55765;corruption;1424139519;17/02/2015 02:18
537;55765;Denzel Washington;1424139515;17/02/2015 02:18
537;55765;mafia;1424139559;17/02/2015 02:19
537;55765;organized crime;1424139529;17/02/2015 02:18
537;58295;heist;1424139043;17/02/2015 02:10
537;58295;robbery;1424139058;17/02/2015 02:10
537;58295;small time criminals;1424139056;17/02/2015 02:10
537;69122;casino;1424140307;17/02/2015 02:31
537;69122;comedy;1424140299;17/02/2015 02:31
537;69122;funny;1424140317;17/02/2015 02:31
537;69122;hotel;1424140308;17/02/2015 02:31
537;69122;Las Vegas;1424140298;17/02/2015 02:31
537;69481;war;1424144802;17/02/2015 03:46
537;72998;beautiful scenery;1424140229;17/02/2015 02:30
537;72998;graphic design;1424140242;17/02/2015 02:30
537;72998;music;1424140259;17/02/2015 02:30
537;72998;politics;1424140263;17/02/2015 02:31
537;72998;romance;1424140252;17/02/2015 02:30
537;72998;thought-provoking;1424140286;17/02/2015 02:31
537;72998;too long;1424140237;17/02/2015 02:30
537;72998;visually stunning;1424140233;17/02/2015 02:30
537;79132;big budget;1424140151;17/02/2015 02:29
537;79132;clever;1424140142;17/02/2015 02:29
537;79132;complicated;1424140133;17/02/2015 02:28
537;79132;dead wife;1424140200;17/02/2015 02:30
537;79132;great soundtrack;1424140118;17/02/2015 02:28
537;79132;heist;1424140154;17/02/2015 02:29
537;79132;intellectual;1424140159;17/02/2015 02:29
537;79132;mindfuck;1424140185;17/02/2015 02:29
537;79132;philosophy;1424140124;17/02/2015 02:28
537;79132;psychological;1424140165;17/02/2015 02:29
537;79132;psychology;1424140162;17/02/2015 02:29
537;79132;suspense;1424140144;17/02/2015 02:29
537;79132;thought-provoking;1424140130;17/02/2015 02:28
537;80489;crime;1424139483;17/02/2015 02:18
537;80489;FBI;1424139489;17/02/2015 02:18
537;80489;romance;1424139421;17/02/2015 02:17
537;80489;too much love interest;1424139454;17/02/2015 02:17
537;80906;business;1424461859;20/02/2015 19:50
537;80906;corruption;1424461848;20/02/2015 19:50
537;80906;economics;1424461852;20/02/2015 19:50
537;80906;investor corruption;1424461854;20/02/2015 19:50
537;80906;politics;1424461849;20/02/2015 19:50
537;80906;truth;1424461857;20/02/2015 19:50
537;89745;Captain America;1424140576;17/02/2015 02:36
537;89745;silly;1424140613;17/02/2015 02:36
537;89745;superhero;1424140571;17/02/2015 02:36
537;89745;superhero team;1424140598;17/02/2015 02:36
537;90439;bank;1424141059;17/02/2015 02:44
537;90439;big corporations;1424138651;17/02/2015 02:04
537;90439;business;1424138635;17/02/2015 02:03
537;90439;corruption;1424138654;17/02/2015 02:04
537;90439;financial crisis;1424138667;17/02/2015 02:04
537;90439;Kevin Spacey;1424138645;17/02/2015 02:04
537;90439;realistic;1424138641;17/02/2015 02:04
537;90439;suspense;1424141005;17/02/2015 02:43
537;90439;Wall Street;1424141052;17/02/2015 02:44
537;92259;emotional;1424141413;17/02/2015 02:50
537;92259;sexuality;1424141386;17/02/2015 02:49
537;95067;interesting scenario;1424140932;17/02/2015 02:42
537;95441;crude humor;1424140358;17/02/2015 02:32
537;97304;cia;1424138568;17/02/2015 02:02
537;97304;politics;1424138581;17/02/2015 02:03
537;97304;Thrilling;1424138560;17/02/2015 02:02
537;99114;Soundtrack;1424140415;17/02/2015 02:33
537;104218;Adam Sandler;1424317302;19/02/2015 03:41
537;104841;cliche characters;1424140813;17/02/2015 02:40
537;104841;long shots;1424140806;17/02/2015 02:40
537;104841;predictable;1424140784;17/02/2015 02:39
537;104841;Simple;1424140794;17/02/2015 02:39
537;104841;slow action;1424140827;17/02/2015 02:40
537;104841;visually appealing;1424140838;17/02/2015 02:40
537;105504;hostage;1424141178;17/02/2015 02:46
537;105504;ocean;1424141170;17/02/2015 02:46
537;105504;suspense;1424141149;17/02/2015 02:45
537;106782;Stock Market;1424142693;17/02/2015 03:11
537;106782;Wall Street;1424142688;17/02/2015 03:11
543;85565;Comedy;1377022063;20/08/2013 18:07
567;1;fun;1525286013;02/05/2018 18:33
567;101;off-beat comedy;1525287216;02/05/2018 18:53
567;101;quirky;1525287214;02/05/2018 18:53
567;308;cynical;1525287798;02/05/2018 19:03
567;356;bittersweet;1525287545;02/05/2018 18:59
567;356;emotional;1525287537;02/05/2018 18:58
567;356;heartwarming;1525287541;02/05/2018 18:59
567;356;touching;1525287539;02/05/2018 18:58
567;541;atmospheric;1525286590;02/05/2018 18:43
567;541;dreamlike;1525286588;02/05/2018 18:43
567;541;existentialism;1525286583;02/05/2018 18:43
567;541;philosophical;1525286586;02/05/2018 18:43
567;750;black comedy;1525287727;02/05/2018 19:02
567;750;dark comedy;1525287724;02/05/2018 19:02
567;750;Quirky;1525287729;02/05/2018 19:02
567;1203;claustrophobic;1525283652;02/05/2018 17:54
567;1203;confrontational;1525283610;02/05/2018 17:53
567;1203;earnest;1525283658;02/05/2018 17:54
567;1203;good dialogue;1525283605;02/05/2018 17:53
567;1203;great screenplay;1525283612;02/05/2018 17:53
567;1203;gritty;1525283636;02/05/2018 17:53
567;1203;Motivational;1525283631;02/05/2018 17:53
567;1203;thought-provoking;1525283607;02/05/2018 17:53
567;1237;atmospheric;1525286526;02/05/2018 18:42
567;1237;cerebral;1525286536;02/05/2018 18:42
567;1237;existentialism;1525286523;02/05/2018 18:42
567;1237;philosophical;1525286544;02/05/2018 18:42
567;1237;reflective;1525286538;02/05/2018 18:42
567;1260;atmospheric;1525285649;02/05/2018 18:27
567;1260;chilly;1525285661;02/05/2018 18:27
567;1260;creepy;1525285667;02/05/2018 18:27
567;1260;menacing;1525285665;02/05/2018 18:27
567;1260;mental illness;1525285654;02/05/2018 18:27
567;1260;oninous;1525285670;02/05/2018 18:27
567;1653;intelligent;1525287116;02/05/2018 18:51
567;1653;thought-provoking;1525287118;02/05/2018 18:51
567;1704;heartwarming;1525287326;02/05/2018 18:55
567;1704;inspirational;1525287323;02/05/2018 18:55
567;1916;avant-garde romantic comedy;1525282933;02/05/2018 17:42
567;1916;elegiac;1525282961;02/05/2018 17:42
567;1916;melancholy;1525282935;02/05/2018 17:42
567;1916;quirky;1525282930;02/05/2018 17:42
567;1916;wry;1525282972;02/05/2018 17:42
567;1921;artsy;1525287302;02/05/2018 18:55
567;1921;atmospheric;1525287273;02/05/2018 18:54
567;1921;cerebral;1525287286;02/05/2018 18:54
567;1921;enigmatic;1525287289;02/05/2018 18:54
567;1921;existentialism;1525287275;02/05/2018 18:54
567;1921;hallucinatory;1525287271;02/05/2018 18:54
567;1921;insanity;1525287293;02/05/2018 18:54
567;1921;paranoia;1525287295;02/05/2018 18:54
567;1921;paranoid;1525287277;02/05/2018 18:54
567;1921;surreal;1525287281;02/05/2018 18:54
567;1921;tense;1525287285;02/05/2018 18:54
567;1921;visually appealing;1525287283;02/05/2018 18:54
567;2138;atmospheric;1525283760;02/05/2018 17:56
567;2138;beautiful;1525283752;02/05/2018 17:55
567;2324;bittersweet;1525285789;02/05/2018 18:29
567;2324;emotional;1525285791;02/05/2018 18:29
567;2324;Heartwarming;1525285795;02/05/2018 18:29
567;2324;poignant;1525285800;02/05/2018 18:30
567;2324;sentimental;1525285793;02/05/2018 18:29
567;2324;tear jerker;1525285797;02/05/2018 18:29
567;2324;tearjerking;1525285787;02/05/2018 18:29
567;2731;emotional;1525285761;02/05/2018 18:29
567;2731;gentle;1525285768;02/05/2018 18:29
567;2731;heartwarming;1525285770;02/05/2018 18:29
567;2731;lyrical;1525285763;02/05/2018 18:29
567;2731;reflective;1525285753;02/05/2018 18:29
567;3134;downbeat;1525287634;02/05/2018 19:00
567;3134;poignant;1525287636;02/05/2018 19:00
567;3266;black comedy;1525283004;02/05/2018 17:43
567;3266;crazy;1525283002;02/05/2018 17:43
567;3266;dark;1525282999;02/05/2018 17:43
567;3266;dark comedy;1525282995;02/05/2018 17:43
567;3266;dark humor;1525283008;02/05/2018 17:43
567;3266;serial killer;1525283012;02/05/2018 17:43
567;3424;great cinematography;1525284096;02/05/2018 18:01
567;3671;dark humor;1525283215;02/05/2018 17:46
567;3671;easygoing;1525283227;02/05/2018 17:47
567;3671;silly;1525283225;02/05/2018 17:47
567;3676;art house;1525282858;02/05/2018 17:40
567;3676;Atmospheric;1525282843;02/05/2018 17:40
567;3676;creepy;1525282842;02/05/2018 17:40
567;3676;cryptic;1525282831;02/05/2018 17:40
567;3676;dark;1525282860;02/05/2018 17:41
567;3676;disturbing;1525282840;02/05/2018 17:40
567;3676;dreamlike;1525282845;02/05/2018 17:40
567;3676;enigmatic;1525282838;02/05/2018 17:40
567;3676;fucked up;1525282866;02/05/2018 17:41
567;3676;gruesome;1525282863;02/05/2018 17:41
567;3676;hallucinatory;1525282848;02/05/2018 17:40
567;3676;Insane;1525282856;02/05/2018 17:40
567;3676;paranoid;1525282868;02/05/2018 17:41
567;3676;strange;1525282854;02/05/2018 17:40
567;3676;surreal;1525282828;02/05/2018 17:40
567;3676;weird;1525282851;02/05/2018 17:40
567;3994;atmospheric;1525285498;02/05/2018 18:24
567;3994;somber;1525285503;02/05/2018 18:25
567;4144;atmospheric;1525283524;02/05/2018 17:52
567;4144;Beautiful;1525283566;02/05/2018 17:52
567;4144;bittersweet;1525283563;02/05/2018 17:52
567;4144;dreamy;1525283557;02/05/2018 17:52
567;4144;elegant;1525283529;02/05/2018 17:52
567;4144;heartbreaking;1525283540;02/05/2018 17:52
567;4144;intimate;1525283535;02/05/2018 17:52
567;4144;loneliness;1525283527;02/05/2018 17:52
567;4144;long takes;1525283572;02/05/2018 17:52
567;4144;longing;1525283542;02/05/2018 17:52
567;4144;melancholic;1525283526;02/05/2018 17:52
567;4144;melancholy;1525283531;02/05/2018 17:52
567;4144;moody;1525283533;02/05/2018 17:52
567;4144;nocturnal;1525283537;02/05/2018 17:52
567;4144;romantic;1525283568;02/05/2018 17:52
567;4144;Unique;1525283560;02/05/2018 17:52
567;4144;visually appealing;1525283544;02/05/2018 17:52
567;4144;visually stunning;1525283550;02/05/2018 17:52
567;4226;cerebral;1525282541;02/05/2018 17:35
567;4226;dreamlike;1525282545;02/05/2018 17:35
567;4552;"""artsy""";1525285878;02/05/2018 18:31
567;4552;atmospheric;1525285874;02/05/2018 18:31
567;4552;gritty;1525285880;02/05/2018 18:31
567;4552;hallucinatory;1525285875;02/05/2018 18:31
567;4552;surreal;1525285865;02/05/2018 18:31
567;4552;visually stunning;1525285872;02/05/2018 18:31
567;4878;atmospheric;1525282581;02/05/2018 17:36
567;4878;cerebral;1525282593;02/05/2018 17:36
567;4878;dreamlike;1525282577;02/05/2018 17:36
567;4878;enigmatic;1525282598;02/05/2018 17:36
567;4878;hallucinatory;1525282590;02/05/2018 17:36
567;4878;mental illness;1525282579;02/05/2018 17:36
567;4878;mindfuck;1525282602;02/05/2018 17:36
567;4878;philosophy;1525282583;02/05/2018 17:36
567;4878;psychological;1525282595;02/05/2018 17:36
567;4878;quirky;1525282588;02/05/2018 17:36
567;4878;surreal;1525282571;02/05/2018 17:36
567;4878;thought-provoking;1525282573;02/05/2018 17:36
567;4878;weird;1525282585;02/05/2018 17:36
567;5673;anger;1525282648;02/05/2018 17:37
567;5673;awkward;1525282635;02/05/2018 17:37
567;5673;bittersweet;1525282627;02/05/2018 17:37
567;5673;hallucinatory;1525282650;02/05/2018 17:37
567;5673;quirky;1525282629;02/05/2018 17:37
567;5673;sad;1525282646;02/05/2018 17:37
567;5673;surreal;1525282654;02/05/2018 17:37
567;5673;symbolism;1525282652;02/05/2018 17:37
567;5673;tense;1525282631;02/05/2018 17:37
567;5673;unconventional;1525282616;02/05/2018 17:36
567;5673;unique;1525282637;02/05/2018 17:37
567;5673;wistful;1525282643;02/05/2018 17:37
567;5690;beautiful;1525283799;02/05/2018 17:56
567;5690;downbeat;1525283801;02/05/2018 17:56
567;5690;grim;1525283797;02/05/2018 17:56
567;5690;poignant;1525283788;02/05/2018 17:56
567;5690;tear jerker;1525283804;02/05/2018 17:56
567;5690;tragedy;1525283795;02/05/2018 17:56
567;5690;tragic;1525283809;02/05/2018 17:56
567;6214;dark;1525283391;02/05/2018 17:49
567;6214;disturbing;1525283383;02/05/2018 17:49
567;6291;Depressing;1525287038;02/05/2018 18:50
567;6291;melancholy;1525287040;02/05/2018 18:50
567;6291;sad;1525287050;02/05/2018 18:50
567;6377;heartwarming;1525286742;02/05/2018 18:45
567;6669;meditative;1525286218;02/05/2018 18:36
567;6669;philosophical;1525286214;02/05/2018 18:36
567;6669;poignant;1525286220;02/05/2018 18:37
567;6669;purposefulness;1525286216;02/05/2018 18:36
567;6818;atmospheric;1525282332;02/05/2018 17:32
567;6818;bleak;1525282333;02/05/2018 17:32
567;6818;disturbing;1525282337;02/05/2018 17:32
567;6818;gritty;1525282340;02/05/2018 17:32
567;6818;harsh;1525282335;02/05/2018 17:32
567;7024;bleak;1525283990;02/05/2018 17:59
567;7024;confrontational;1525284016;02/05/2018 18:00
567;7024;disturbing;1525283975;02/05/2018 17:59
567;7024;harsh;1525283987;02/05/2018 17:59
567;7024;haunting;1525284009;02/05/2018 18:00
567;7024;inhumane;1525284013;02/05/2018 18:00
567;7024;thought-provoking;1525283979;02/05/2018 17:59
567;7361;arthouse;1525282744;02/05/2018 17:39
567;7361;artistic;1525282751;02/05/2018 17:39
567;7361;atmospheric;1525282731;02/05/2018 17:38
567;7361;beautiful;1525282670;02/05/2018 17:37
567;7361;bittersweet;1525282677;02/05/2018 17:37
567;7361;colourful;1525282696;02/05/2018 17:38
567;7361;comedy;1525282701;02/05/2018 17:38
567;7361;dreamlike;1525282681;02/05/2018 17:38
567;7361;emotional;1525282667;02/05/2018 17:37
567;7361;feel-good;1525282786;02/05/2018 17:39
567;7361;happpiness;1525282735;02/05/2018 17:38
567;7361;humane;1525282811;02/05/2018 17:40
567;7361;insightful;1525282724;02/05/2018 17:38
567;7361;intelligent;1525282746;02/05/2018 17:39
567;7361;lovely;1525282737;02/05/2018 17:38
567;7361;melancholy;1525282692;02/05/2018 17:38
567;7361;mind-bending;1525282728;02/05/2018 17:38
567;7361;philosophy;1525282673;02/05/2018 17:37
567;7361;quirky;1525282687;02/05/2018 17:38
567;7361;quirky romantic;1525282715;02/05/2018 17:38
567;7361;romantic;1525282694;02/05/2018 17:38
567;7361;surreal;1525282704;02/05/2018 17:38
567;7361;surrealism;1525282683;02/05/2018 17:38
567;7361;thought-provoking;1525282689;02/05/2018 17:38
567;8335;heartbreaking;1525285746;02/05/2018 18:29
567;8477;post-apocalyptic;1525282477;02/05/2018 17:34
567;25771;mindfuck;1525282469;02/05/2018 17:34
567;25771;surreal;1525282464;02/05/2018 17:34
567;25771;surrealism;1525282466;02/05/2018 17:34
567;26717;boring;1525285892;02/05/2018 18:31
567;26717;psychedelic;1525285894;02/05/2018 18:31
567;26717;symbolic;1525285896;02/05/2018 18:31
567;27773;bizarre;1525283311;02/05/2018 17:48
567;27773;claustrophobic;1525283317;02/05/2018 17:48
567;27773;depressing;1525283303;02/05/2018 17:48
567;27773;disturbing;1525283306;02/05/2018 17:48
567;27773;hallucinatory;1525283304;02/05/2018 17:48
567;27773;paranoid;1525283318;02/05/2018 17:48
567;27773;surreal;1525283313;02/05/2018 17:48
567;27773;twisted;1525283339;02/05/2018 17:48
567;30810;heartwarming;1525284057;02/05/2018 18:00
567;30810;off-beat comedy;1525284048;02/05/2018 18:00
567;30810;quirky;1525284031;02/05/2018 18:00
567;30810;trippy;1525284067;02/05/2018 18:01
567;30810;visually appealing;1525284041;02/05/2018 18:00
567;30810;whimsical;1525284034;02/05/2018 18:00
567;40491;depression;1525282384;02/05/2018 17:33
567;45880;cinematography;1525287347;02/05/2018 18:55
567;45880;lyrical;1525287351;02/05/2018 18:55
567;48394;atmospheric;1525286824;02/05/2018 18:47
567;48394;bittersweet;1525286830;02/05/2018 18:47
567;48394;visually appealing;1525286827;02/05/2018 18:47
567;48780;atmospheric;1525286470;02/05/2018 18:41
567;48780;enigmatic;1525286468;02/05/2018 18:41
567;50872;clever;1525283885;02/05/2018 17:58
567;50872;inspirational;1525283888;02/05/2018 17:58
567;56782;atmospheric;1525283248;02/05/2018 17:47
567;56782;cerebral;1525283239;02/05/2018 17:47
567;56782;character study;1525283288;02/05/2018 17:48
567;56782;gritty;1525283242;02/05/2018 17:47
567;56782;intense;1525283245;02/05/2018 17:47
567;56782;long shots;1525283253;02/05/2018 17:47
567;56782;morality;1525283268;02/05/2018 17:47
567;56782;visually appealing;1525283236;02/05/2018 17:47
567;57502;abstract;1525285566;02/05/2018 18:26
567;57502;dark;1525285567;02/05/2018 18:26
567;57502;psychedelic;1525285561;02/05/2018 18:26
567;57502;surreal;1525285558;02/05/2018 18:25
567;58301;dark;1525283356;02/05/2018 17:49
567;58301;dark humor;1525283360;02/05/2018 17:49
567;58301;intelligent;1525283358;02/05/2018 17:49
567;58301;thought-provoking;1525283367;02/05/2018 17:49
567;58559;dark;1525285594;02/05/2018 18:26
567;58559;gritty;1525285601;02/05/2018 18:26
567;63062;emotional;1525286194;02/05/2018 18:36
567;68954;bittersweet;1525286758;02/05/2018 18:45
567;68954;emotional;1525286759;02/05/2018 18:45
567;68954;heartbreaking;1525286755;02/05/2018 18:45
567;68954;touching;1525286762;02/05/2018 18:46
567;71899;bittersweet;1525283044;02/05/2018 17:44
567;71899;black comedy;1525283050;02/05/2018 17:44
567;71899;character study;1525283036;02/05/2018 17:43
567;71899;dark comedy;1525283033;02/05/2018 17:43
567;71899;friendship;1525283029;02/05/2018 17:43
567;71899;loneliness;1525283039;02/05/2018 17:43
567;71899;mental illness;1525283031;02/05/2018 17:43
567;71899;philosophical;1525283034;02/05/2018 17:43
567;71899;poignant;1525283043;02/05/2018 17:44
567;71899;quirky;1525283048;02/05/2018 17:44
567;71899;sad;1525283041;02/05/2018 17:44
567;71899;sweet;1525283052;02/05/2018 17:44
567;71899;touching;1525283027;02/05/2018 17:43
567;74791;surreal;1525286112;02/05/2018 18:35
567;74791;whimsical;1525286110;02/05/2018 18:35
567;79132;cerebral;1525287390;02/05/2018 18:56
567;79132;dreamlike;1525287383;02/05/2018 18:56
567;79132;philosophy;1525287385;02/05/2018 18:56
567;79132;thought-provoking;1525287380;02/05/2018 18:56
567;80463;good dialogue;1525286347;02/05/2018 18:39
567;80463;loneliness;1525286325;02/05/2018 18:38
567;80463;witty;1525286317;02/05/2018 18:38
567;89745;fun;1525285537;02/05/2018 18:25
567;89745;great humor;1525285534;02/05/2018 18:25
567;89745;visually appealing;1525285532;02/05/2018 18:25
567;94959;quirky;1525286360;02/05/2018 18:39
567;95558;Beautiful;1525287504;02/05/2018 18:58
567;95558;emotional;1525287499;02/05/2018 18:58
567;95558;poetic;1525287506;02/05/2018 18:58
567;96079;beautiful cinematography;1525287362;02/05/2018 18:56
567;96079;beautifully filmed;1525287364;02/05/2018 18:56
567;96079;cinematography;1525287366;02/05/2018 18:56
567;99764;moving;1525282453;02/05/2018 17:34
567;99764;philosopical;1525282451;02/05/2018 17:34
567;99764;surreal;1525282456;02/05/2018 17:34
567;99764;weird;1525282455;02/05/2018 17:34
567;99917;artistic;1525286643;02/05/2018 18:44
567;99917;artsy;1525286654;02/05/2018 18:44
567;99917;atmospheric;1525286652;02/05/2018 18:44
567;99917;Beautiful;1525286645;02/05/2018 18:44
567;99917;dreamlike;1525286649;02/05/2018 18:44
567;99917;existentialism;1525286647;02/05/2018 18:44
567;104875;quirky;1525285913;02/05/2018 18:31
567;104944;emotional;1525285982;02/05/2018 18:33
567;104944;feel-good;1525285975;02/05/2018 18:32
567;104944;heartwarming;1525285984;02/05/2018 18:33
567;104944;mental illness;1525285990;02/05/2018 18:33
567;104944;touching;1525285973;02/05/2018 18:32
567;105504;suspense;1525286930;02/05/2018 18:48
567;105504;tense;1525286932;02/05/2018 18:48
567;106766;atmospheric;1525283920;02/05/2018 17:58
567;106766;cinematography;1525283924;02/05/2018 17:58
567;106766;depressing;1525283919;02/05/2018 17:58
567;106766;funny;1525283917;02/05/2018 17:58
567;107406;fatalistic;1525286785;02/05/2018 18:46
567;108932;cheeky;1525283702;02/05/2018 17:55
567;108932;clever;1525283675;02/05/2018 17:54
567;108932;colorful;1525283676;02/05/2018 17:54
567;108932;feel-good;1525283700;02/05/2018 17:55
567;108932;fun;1525283672;02/05/2018 17:54
567;108932;imaginative;1525283681;02/05/2018 17:54
567;108932;quirky;1525283678;02/05/2018 17:54
567;109487;bad dialogue;1525287562;02/05/2018 18:59
567;109487;philosophical issues;1525287571;02/05/2018 18:59
567;109487;thought-provoking;1525287567;02/05/2018 18:59
567;109487;visually appealing;1525287559;02/05/2018 18:59
567;112421;adorable;1525283433;02/05/2018 17:50
567;112421;black comedy;1525283421;02/05/2018 17:50
567;112421;Eccentric;1525283427;02/05/2018 17:50
567;112421;introspection;1525283425;02/05/2018 17:50
567;112421;mental illness;1525283417;02/05/2018 17:50
567;112421;quirky;1525283419;02/05/2018 17:50
567;112552;inspirational;1525286276;02/05/2018 18:37
567;112552;inspiring;1525286278;02/05/2018 18:37
567;112552;intense;1525286274;02/05/2018 18:37
567;112852;funny;1525285382;02/05/2018 18:23
567;112852;Great Visuals;1525285333;02/05/2018 18:22
567;112852;humorous;1525285336;02/05/2018 18:22
567;112852;unlikely hero;1525285378;02/05/2018 18:22
567;113705;bittersweet;1525286093;02/05/2018 18:34
567;114627;atmospheric;1525286623;02/05/2018 18:43
567;114627;bizzare;1525286627;02/05/2018 18:43
567;114627;eerie;1525286621;02/05/2018 18:43
567;114627;symbolism;1525286619;02/05/2018 18:43
567;116797;inspirational;1525286868;02/05/2018 18:47
567;116797;intelligent;1525286865;02/05/2018 18:47
567;117877;philosophical;1525287615;02/05/2018 19:00
567;117877;trippy;1525287611;02/05/2018 19:00
567;117887;heartwarming;1525285938;02/05/2018 18:32
567;119145;slick;1525286728;02/05/2018 18:45
567;122882;beautiful;1525283844;02/05/2018 17:57
567;122882;cinematography;1525283853;02/05/2018 17:57
567;122882;visually appealing;1525283836;02/05/2018 17:57
567;122912;Dark;1525282411;02/05/2018 17:33
567;122912;emotional;1525282392;02/05/2018 17:33
567;122912;Sad;1525282400;02/05/2018 17:33
567;122912;Visually appealing;1525282405;02/05/2018 17:33
567;122912;Visually stunning;1525282403;02/05/2018 17:33
567;122916;awesome;1525285267;02/05/2018 18:21
567;122916;humor;1525285285;02/05/2018 18:21
567;122916;quirky;1525285291;02/05/2018 18:21
567;122916;unconventional;1525285265;02/05/2018 18:21
567;122916;white guilt;1525285281;02/05/2018 18:21
567;122918;fun;1525286132;02/05/2018 18:35
567;122922;visually appealing;1525287157;02/05/2018 18:52
567;127298;depressing;1525286249;02/05/2018 18:37
567;127298;understated;1525286256;02/05/2018 18:37
567;134130;smart;1525287677;02/05/2018 19:01
567;134170;funny;1525283492;02/05/2018 17:51
567;134170;ridiculous;1525283483;02/05/2018 17:51
567;134170;silly;1525283502;02/05/2018 17:51
567;138036;slick;1525287196;02/05/2018 18:53
567;138036;stylish;1525287190;02/05/2018 18:53
567;139385;cinematography;1525287409;02/05/2018 18:56
567;139385;visually appealing;1525287413;02/05/2018 18:56
567;139385;Visually Striking;1525287426;02/05/2018 18:57
567;139644;atmospheric;1525286568;02/05/2018 18:42
567;139644;tension;1525286565;02/05/2018 18:42
567;140174;moving;1525287480;02/05/2018 18:58
567;140174;touching;1525287482;02/05/2018 18:58
567;141890;Moving;1525286977;02/05/2018 18:49
567;143367;contemplative;1525283159;02/05/2018 17:45
567;143367;philosophical;1525283157;02/05/2018 17:45
567;143367;thought-provoking;1525283155;02/05/2018 17:45
567;143367;tragic;1525283168;02/05/2018 17:46
567;148626;funny;1525287708;02/05/2018 19:01
567;148626;interesting;1525287704;02/05/2018 19:01
567;148626;Witty;1525287702;02/05/2018 19:01
567;148881;Existential;1525282419;02/05/2018 17:33
567;148881;surreal;1525282422;02/05/2018 17:33
567;152077;creepy;1525287447;02/05/2018 18:57
567;152077;suspense;1525287443;02/05/2018 18:57
567;153070;nightmare;1525282902;02/05/2018 17:41
567;155288;suspense;1525286165;02/05/2018 18:36
567;155288;thought-provoking;1525286163;02/05/2018 18:36
567;156605;quirky;1525283453;02/05/2018 17:50
567;156605;sweet;1525283455;02/05/2018 17:50
567;156605;understated;1525283456;02/05/2018 17:50
567;161634;intense;1525287241;02/05/2018 18:54
567;164179;beautiful visuals;1525285690;02/05/2018 18:28
567;164179;Cerebral;1525285686;02/05/2018 18:28
567;164179;cinematography;1525285696;02/05/2018 18:28
567;164179;good cinematography;1525285706;02/05/2018 18:28
567;164179;smart;1525285699;02/05/2018 18:28
567;164179;thought-provoking;1525285688;02/05/2018 18:28
567;164179;visually appealing;1525285693;02/05/2018 18:28
567;164909;Bittersweet;1525287656;02/05/2018 19:00
567;164909;visually appealing;1525287658;02/05/2018 19:00
567;167746;funny;1525285825;02/05/2018 18:30
567;167746;heartwarming;1525285833;02/05/2018 18:30
567;168252;dark;1525283942;02/05/2018 17:59
567;168252;emotional;1525283946;02/05/2018 17:59
567;168252;gritty;1525283940;02/05/2018 17:59
567;168252;heartbreaking;1525283948;02/05/2018 17:59
567;168252;predictible plot;1525283957;02/05/2018 17:59
567;170945;paranoia;1525286504;02/05/2018 18:41
567;170945;Suspenseful;1525286501;02/05/2018 18:41
567;174055;brilliant;1525285239;02/05/2018 18:20
567;174055;inspiring;1525285236;02/05/2018 18:20
567;174055;tense;1525285229;02/05/2018 18:20
567;176371;atmospheric;1525283076;02/05/2018 17:44
567;176371;beautiful;1525283078;02/05/2018 17:44
567;176371;cinematography;1525283075;02/05/2018 17:44
567;176371;dark;1525283093;02/05/2018 17:44
567;176371;dreamlike;1525283084;02/05/2018 17:44
567;176371;existentialism;1525283080;02/05/2018 17:44
567;176371;moody;1525283086;02/05/2018 17:44
567;176371;philosophical;1525283089;02/05/2018 17:44
567;176419;allegorical;1525287584;02/05/2018 18:59
567;176419;uncomfortable;1525287588;02/05/2018 18:59
567;176419;unsettling;1525287586;02/05/2018 18:59
567;180031;atmospheric;1525284150;02/05/2018 18:02
567;180031;dreamlike;1525284163;02/05/2018 18:02
567;180985;bad music;1525285320;02/05/2018 18:22
573;248;bad;1186589145;08/08/2007 16:05
573;248;Sinbad;1186589145;08/08/2007 16:05
573;413;Comedy;1186588856;08/08/2007 16:00
573;540;bad;1186588897;08/08/2007 16:01
573;707;bad;1186588902;08/08/2007 16:01
573;836;seen at the cinema;1186588944;08/08/2007 16:02
573;1441;Not Seen;1186588856;08/08/2007 16:00
573;1779;good;1186588894;08/08/2007 16:01
573;1801;seen more than once;1186588917;08/08/2007 16:01
573;2116;classic;1186588944;08/08/2007 16:02
573;2431;bad;1186588902;08/08/2007 16:01
573;2662;classic;1186588962;08/08/2007 16:02
573;2951;bad;1186588901;08/08/2007 16:01
573;4015;bad;1186589039;08/08/2007 16:03
573;4343;really bad;1186589079;08/08/2007 16:04
573;4343;Seann William Scott;1186589079;08/08/2007 16:04
573;4446;sci-fi;1186588886;08/08/2007 16:01
573;4448;boring;1186589048;08/08/2007 16:04
573;5064;remake;1186589036;08/08/2007 16:03
573;5254;Great movie;1186589125;08/08/2007 16:05
573;5254;Wesley Snipes;1186589125;08/08/2007 16:05
573;6016;not seen;1186588853;08/08/2007 16:00
573;6157;bad;1186589133;08/08/2007 16:05
573;6157;Ben Affleck;1186589133;08/08/2007 16:05
573;6373;classic;1186588855;08/08/2007 16:00
573;35836;BEST PICTURE;1186589105;08/08/2007 16:05
573;35836;classic;1186589105;08/08/2007 16:05
573;35836;hilarious;1186589105;08/08/2007 16:05
573;35836;steve carell;1186589105;08/08/2007 16:05
573;52712;HORRIBLE ACTING;1186722048;10/08/2007 05:00
573;52712;interesting;1186722060;10/08/2007 05:01
599;293;Action;1498456142;26/06/2017 05:49
599;293;assassin;1498456106;26/06/2017 05:48
599;293;assassination;1498456192;26/06/2017 05:49
599;293;assassins;1498456184;26/06/2017 05:49
599;293;awkward romance;1498456167;26/06/2017 05:49
599;293;corruption;1498456155;26/06/2017 05:49
599;293;crime;1498456141;26/06/2017 05:49
599;293;disturbing;1498456144;26/06/2017 05:49
599;293;drama;1498456149;26/06/2017 05:49
599;293;French;1498456150;26/06/2017 05:49
599;293;friendship;1498456139;26/06/2017 05:48
599;293;Gary Oldman;1498456130;26/06/2017 05:48
599;293;great acting;1498456128;26/06/2017 05:48
599;293;Guns;1498456179;26/06/2017 05:49
599;293;hit men;1498456165;26/06/2017 05:49
599;293;hitman;1498456113;26/06/2017 05:48
599;293;humorous;1498456177;26/06/2017 05:49
599;293;imdb top 250;1498456175;26/06/2017 05:49
599;293;Jean Reno;1498456121;26/06/2017 05:48
599;293;Lolita theme;1498456188;26/06/2017 05:49
599;293;loneliness;1498456186;26/06/2017 05:49
599;293;love story;1498456132;26/06/2017 05:48
599;293;Luc Besson;1498456137;26/06/2017 05:48
599;293;Natalie Portman;1498456126;26/06/2017 05:48
599;293;organized crime;1498456152;26/06/2017 05:49
599;293;police;1498456181;26/06/2017 05:49
599;293;police corruption;1498456159;26/06/2017 05:49
599;293;quirky;1498456135;26/06/2017 05:48
599;293;sniper;1498456182;26/06/2017 05:49
599;293;tense;1498456190;26/06/2017 05:49
599;293;touching;1498456147;26/06/2017 05:49
599;293;unique;1498456157;26/06/2017 05:49
599;296;1990s;1498456537;26/06/2017 05:55
599;296;achronological;1498456475;26/06/2017 05:54
599;296;action;1498456356;26/06/2017 05:52
599;296;action packed;1498456535;26/06/2017 05:55
599;296;aggressive;1498456533;26/06/2017 05:55
599;296;amazing;1498456678;26/06/2017 05:57
599;296;amazing dialogues;1498456473;26/06/2017 05:54
599;296;anthology;1498456531;26/06/2017 05:55
599;296;assassin;1498456382;26/06/2017 05:53
599;296;atmospheric;1498456376;26/06/2017 05:52
599;296;AWESOME;1498456559;26/06/2017 05:55
599;296;bad ass;1498456471;26/06/2017 05:54
599;296;bad language;1498456469;26/06/2017 05:54
599;296;bad-ass;1498456676;26/06/2017 05:57
599;296;bible;1498456675;26/06/2017 05:57
599;296;biblical references;1498456529;26/06/2017 05:55
599;296;big boys with guns;1498456673;26/06/2017 05:57
599;296;big name actors;1498456671;26/06/2017 05:57
599;296;Black comedy;1498456350;26/06/2017 05:52
599;296;black humor;1498456481;26/06/2017 05:54
599;296;black humour;1498456670;26/06/2017 05:57
599;296;blood;1498456448;26/06/2017 05:54
599;296;blood splatters;1498456467;26/06/2017 05:54
599;296;bloody;1498456431;26/06/2017 05:53
599;296;bruce willis;1498456352;26/06/2017 05:52
599;296;brutality;1498456543;26/06/2017 05:55
599;296;casual violence;1498456669;26/06/2017 05:57
599;296;character development;1498456527;26/06/2017 05:55
599;296;characters;1498456466;26/06/2017 05:54
599;296;classic;1498456360;26/06/2017 05:52
599;296;classic movie;1498456667;26/06/2017 05:57
599;296;coke;1498456666;26/06/2017 05:57
599;296;comedy;1498456378;26/06/2017 05:52
599;296;conversation;1498456524;26/06/2017 05:55
599;296;cool;1498456405;26/06/2017 05:53
599;296;cool style;1498456664;26/06/2017 05:57
599;296;crime;1498456353;26/06/2017 05:52
599;296;crime scene scrubbing;1498456663;26/06/2017 05:57
599;296;cult;1498456391;26/06/2017 05:53
599;296;cult classic;1498456522;26/06/2017 05:55
599;296;cult film;1498456345;26/06/2017 05:52
599;296;dance;1498456661;26/06/2017 05:57
599;296;dancing;1498456464;26/06/2017 05:54
599;296;dark;1498456404;26/06/2017 05:53
599;296;dark comedy;1498456339;26/06/2017 05:52
599;296;dark humor;1498456385;26/06/2017 05:53
599;296;dialogue;1498456395;26/06/2017 05:53
599;296;different;1498456660;26/06/2017 05:57
599;296;diner;1498456658;26/06/2017 05:57
599;296;disjointed timeline;1498456444;26/06/2017 05:54
599;296;disturbing;1498456521;26/06/2017 05:55
599;296;drama;1498456561;26/06/2017 05:56
599;296;drug overdose;1498456656;26/06/2017 05:57
599;296;drugs;1498456348;26/06/2017 05:52
599;296;drugs & music;1498456655;26/06/2017 05:57
599;296;ensemble cast;1498456419;26/06/2017 05:53
599;296;entertaining;1498456519;26/06/2017 05:55
599;296;entirely dialogue;1498456429;26/06/2017 05:53
599;296;episodic;1498456517;26/06/2017 05:55
599;296;exciting;1498456427;26/06/2017 05:53
599;296;fast paced;1498456436;26/06/2017 05:53
599;296;fast-paced;1498456515;26/06/2017 05:55
599;296;film noir;1498456653;26/06/2017 05:57
599;296;film-noir;1498456622;26/06/2017 05:57
599;296;foul language;1498456686;26/06/2017 05:58
599;296;fun;1498456421;26/06/2017 05:53
599;296;funny;1498456383;26/06/2017 05:53
599;296;gangster;1498456389;26/06/2017 05:53
599;296;gangsters;1498456406;26/06/2017 05:53
599;296;genius;1498456589;26/06/2017 05:56
599;296;golden watch;1498456513;26/06/2017 05:55
599;296;good dialogue;1498456372;26/06/2017 05:52
599;296;good music;1498456396;26/06/2017 05:53
599;296;gore;1498456511;26/06/2017 05:55
599;296;great acting;1498456509;26/06/2017 05:55
599;296;great dialogue;1498456402;26/06/2017 05:53
599;296;great soundtrack;1498456380;26/06/2017 05:53
599;296;gritty;1498456426;26/06/2017 05:53
599;296;guns;1498456450;26/06/2017 05:54
599;296;Harvey Keitel;1498456684;26/06/2017 05:58
599;296;heroin;1498456483;26/06/2017 05:54
599;296;Highly quotable;1498456400;26/06/2017 05:53
599;296;hit men;1498456412;26/06/2017 05:53
599;296;hitman;1498456505;26/06/2017 05:55
599;296;homosexuality;1498456562;26/06/2017 05:56
599;296;humour;1498456564;26/06/2017 05:56
599;296;iconic;1498456488;26/06/2017 05:54
599;296;imdb top 250;1498456388;26/06/2017 05:53
599;296;innovative;1498456490;26/06/2017 05:54
599;296;intellectual;1498456565;26/06/2017 05:56
599;296;intelligent;1498456462;26/06/2017 05:54
599;296;intense;1498456411;26/06/2017 05:53
599;296;interesting;1498456541;26/06/2017 05:55
599;296;intertwining storylines;1498456460;26/06/2017 05:54
599;296;interwoven storylines;1498456567;26/06/2017 05:56
599;296;ironic;1498456491;26/06/2017 05:54
599;296;irony;1498456458;26/06/2017 05:54
599;296;John Travolta;1498456374;26/06/2017 05:52
599;296;killer-as-protagonist;1498456494;26/06/2017 05:54
599;296;los angeles;1498456569;26/06/2017 05:56
599;296;Mafia;1498456414;26/06/2017 05:53
599;296;masterpiece;1498456371;26/06/2017 05:52
599;296;meaningless violence;1498456571;26/06/2017 05:56
599;296;milkshake;1498456572;26/06/2017 05:56
599;296;mobster;1498456574;26/06/2017 05:56
599;296;mobsters;1498456575;26/06/2017 05:56
599;296;monologue;1498456577;26/06/2017 05:56
599;296;motherfucker;1498456497;26/06/2017 05:54
599;296;multiple stories;1498456498;26/06/2017 05:54
599;296;multiple storylines;1498456343;26/06/2017 05:52
599;296;neo-noir;1498456486;26/06/2017 05:54
599;296;noir;1498456408;26/06/2017 05:53
599;296;non-linear;1498456367;26/06/2017 05:52
599;296;non-linear timeline;1498456578;26/06/2017 05:56
599;296;nonlinear;1498456341;26/06/2017 05:52
599;296;nonlinear narrative;1498456457;26/06/2017 05:54
599;296;nonlinear storyline;1498456580;26/06/2017 05:56
599;296;nonlinear timeline;1498456581;26/06/2017 05:56
599;296;notable soundtrack;1498456393;26/06/2017 05:53
599;296;offensive;1498456583;26/06/2017 05:56
599;296;organised crime;1498456585;26/06/2017 05:56
599;296;organized crime;1498456363;26/06/2017 05:52
599;296;original;1498456479;26/06/2017 05:54
599;296;original plot;1498456455;26/06/2017 05:54
599;296;out of order;1498456586;26/06/2017 05:56
599;296;Palme d'Or;1498456690;26/06/2017 05:58
599;296;parody;1498456591;26/06/2017 05:56
599;296;philosophical;1498456500;26/06/2017 05:55
599;296;pop culture references;1498456478;26/06/2017 05:54
599;296;psychological;1498456593;26/06/2017 05:56
599;296;pulp;1498456484;26/06/2017 05:54
599;296;Quentin Tarantino;1498456338;26/06/2017 05:52
599;296;quirky;1498456364;26/06/2017 05:52
599;296;Quotable;1498456446;26/06/2017 05:54
599;296;r:disturbing violent content including rape;1498456502;26/06/2017 05:55
599;296;r:disturbing violent images;1498456595;26/06/2017 05:56
599;296;r:graphic sexuality;1498456597;26/06/2017 05:56
599;296;r:some violence;1498456599;26/06/2017 05:56
599;296;r:strong bloody violence;1498456601;26/06/2017 05:56
599;296;r:strong language;1498456452;26/06/2017 05:54
599;296;r:sustained strong stylized violence;1498456603;26/06/2017 05:56
599;296;r:violence;1498456424;26/06/2017 05:53
599;296;random;1498456503;26/06/2017 05:55
599;296;rape;1498456417;26/06/2017 05:53
599;296;retro;1498456442;26/06/2017 05:54
599;296;Roger Avary;1498456682;26/06/2017 05:58
599;296;royal with cheese;1498456610;26/06/2017 05:56
599;296;Samuel L. Jackson;1498456342;26/06/2017 05:52
599;296;sarcasm;1498456612;26/06/2017 05:56
599;296;satire;1498456614;26/06/2017 05:56
599;296;sexy;1498456615;26/06/2017 05:56
599;296;smart writing;1498456617;26/06/2017 05:56
599;296;sophisticated;1498456618;26/06/2017 05:56
599;296;soundtrack;1498456439;26/06/2017 05:53
599;296;splatter;1498456620;26/06/2017 05:57
599;296;Steve Buscemi;1498456694;26/06/2017 05:58
599;296;storytelling;1498456375;26/06/2017 05:52
599;296;stylish;1498456398;26/06/2017 05:53
599;296;stylized;1498456354;26/06/2017 05:52
599;296;suspense;1498456680;26/06/2017 05:58
599;296;Tarantino;1498456358;26/06/2017 05:52
599;296;thought-provoking;1498456638;26/06/2017 05:57
599;296;thriller;1498456415;26/06/2017 05:53
599;296;travolta;1498456539;26/06/2017 05:55
599;296;twist ending;1498456639;26/06/2017 05:57
599;296;Uma Thurman;1498456370;26/06/2017 05:52
599;296;unique;1498456641;26/06/2017 05:57
599;296;unpredictable;1498456476;26/06/2017 05:54
599;296;unusual;1498456642;26/06/2017 05:57
599;296;very funny;1498456434;26/06/2017 05:53
599;296;violence;1498456347;26/06/2017 05:52
599;296;violent;1498456366;26/06/2017 05:52
599;296;witty;1498456437;26/06/2017 05:53
599;924;aliens;1498456783;26/06/2017 05:59
599;924;apes;1498456822;26/06/2017 06:00
599;924;Arthur C. Clarke;1498456786;26/06/2017 05:59
599;924;artificial intelligence;1498456752;26/06/2017 05:59
599;924;atmospheric;1498456757;26/06/2017 05:59
599;924;cinematography;1498456766;26/06/2017 05:59
599;924;classic;1498456774;26/06/2017 05:59
599;924;computer;1498456793;26/06/2017 05:59
599;924;confusing ending;1498456779;26/06/2017 05:59
599;924;cult film;1498456771;26/06/2017 05:59
599;924;Dull;1498456811;26/06/2017 06:00
599;924;future;1498456770;26/06/2017 05:59
599;924;futuristic;1498456776;26/06/2017 05:59
599;924;imdb top 250;1498456804;26/06/2017 06:00
599;924;masterpiece;1498456762;26/06/2017 05:59
599;924;meditative;1498456768;26/06/2017 05:59
599;924;music;1498456773;26/06/2017 05:59
599;924;mystery;1498456802;26/06/2017 06:00
599;924;Oscar (Best Effects - Visual Effects);1498456791;26/06/2017 05:59
599;924;overrated;1498456813;26/06/2017 06:00
599;924;philosophical;1498456759;26/06/2017 05:59
599;924;relaxing;1498456798;26/06/2017 05:59
599;924;revolutionary;1498456794;26/06/2017 05:59
599;924;robots;1498456781;26/06/2017 05:59
599;924;sci-fi;1498456751;26/06/2017 05:59
599;924;setting:space/space ship;1498456796;26/06/2017 05:59
599;924;slow;1498456765;26/06/2017 05:59
599;924;slow paced;1498456806;26/06/2017 06:00
599;924;soundtrack;1498456785;26/06/2017 05:59
599;924;space;1498456756;26/06/2017 05:59
599;924;space travel;1498456790;26/06/2017 05:59
599;924;spacecraft;1498456788;26/06/2017 05:59
599;924;Stanley Kubrick;1498456754;26/06/2017 05:59
599;924;superb soundtrack;1498456825;26/06/2017 06:00
599;924;surreal;1498456763;26/06/2017 05:59
599;924;technology;1498456827;26/06/2017 06:00
599;924;tedious;1498456814;26/06/2017 06:00
599;924;visual;1498456799;26/06/2017 05:59
599;924;visually appealing;1498456760;26/06/2017 05:59
599;1732;black comedy;1498456261;26/06/2017 05:51
599;1732;bowling;1498456271;26/06/2017 05:51
599;1732;classic;1498456304;26/06/2017 05:51
599;1732;coen brothers;1498456256;26/06/2017 05:50
599;1732;comedy;1498456268;26/06/2017 05:51
599;1732;crime;1498456292;26/06/2017 05:51
599;1732;Cult classic;1498456280;26/06/2017 05:51
599;1732;cult film;1498456260;26/06/2017 05:51
599;1732;dark comedy;1498456258;26/06/2017 05:50
599;1732;deadpan;1498456303;26/06/2017 05:51
599;1732;drugs;1498456286;26/06/2017 05:51
599;1732;funny;1498456291;26/06/2017 05:51
599;1732;great dialogue;1498456264;26/06/2017 05:51
599;1732;great soundtrack;1498456283;26/06/2017 05:51
599;1732;Highly quotable;1498456296;26/06/2017 05:51
599;1732;imdb top 250;1498456301;26/06/2017 05:51
599;1732;Jeff Bridges;1498456269;26/06/2017 05:51
599;1732;John Goodman;1498456278;26/06/2017 05:51
599;1732;Julianne Moore;1498456294;26/06/2017 05:51
599;1732;kidnapping;1498456299;26/06/2017 05:51
599;1732;marijuana;1498456281;26/06/2017 05:51
599;1732;Nudity (Full Frontal);1498456288;26/06/2017 05:51
599;1732;off-beat comedy;1498456273;26/06/2017 05:51
599;1732;Philip Seymour Hoffman;1498456275;26/06/2017 05:51
599;1732;quirky;1498456263;26/06/2017 05:51
599;1732;ransom;1498456308;26/06/2017 05:51
599;1732;rug;1498456306;26/06/2017 05:51
599;1732;sarcasm;1498456285;26/06/2017 05:51
599;1732;satirical;1498456266;26/06/2017 05:51
599;1732;Steve Buscemi;1498456276;26/06/2017 05:51
599;1732;violence;1498456297;26/06/2017 05:51
599;2959;action;1498456930;26/06/2017 06:02
599;2959;atmospheric;1498456906;26/06/2017 06:01
599;2959;based on a book;1498456916;26/06/2017 06:01
599;2959;Brad Pitt;1498456893;26/06/2017 06:01
599;2959;challenging;1498456963;26/06/2017 06:02
599;2959;Chuck Palahniuk;1498456949;26/06/2017 06:02
599;2959;classic;1498456925;26/06/2017 06:02
599;2959;clever;1498456960;26/06/2017 06:02
599;2959;complicated;1498456923;26/06/2017 06:02
599;2959;consumerism;1498456965;26/06/2017 06:02
599;2959;crime;1498456935;26/06/2017 06:02
599;2959;dark;1498456928;26/06/2017 06:02
599;2959;dark comedy;1498456891;26/06/2017 06:01
599;2959;David Fincher;1498456926;26/06/2017 06:02
599;2959;disturbing;1498456908;26/06/2017 06:01
599;2959;double life;1498456958;26/06/2017 06:02
599;2959;Edward Norton;1498456896;26/06/2017 06:01
599;2959;fighting;1498456937;26/06/2017 06:02
599;2959;great acting;1498456951;26/06/2017 06:02
599;2959;helena bonham carter;1498456939;26/06/2017 06:02
599;2959;imaginary friend;1498456945;26/06/2017 06:02
599;2959;imdb top 250;1498456941;26/06/2017 06:02
599;2959;mental illness;1498456903;26/06/2017 06:01
599;2959;mind-blowing;1498456955;26/06/2017 06:02
599;2959;mindfuck;1498456912;26/06/2017 06:01
599;2959;narrated;1498456934;26/06/2017 06:02
599;2959;Nudity (Topless);1498456962;26/06/2017 06:02
599;2959;Palahnuik;1498456948;26/06/2017 06:02
599;2959;philosophical;1498456911;26/06/2017 06:01
599;2959;philosophy;1498456898;26/06/2017 06:01
599;2959;postmodern;1498456954;26/06/2017 06:02
599;2959;powerful ending;1498456921;26/06/2017 06:02
599;2959;psychological;1498456909;26/06/2017 06:01
599;2959;psychological thriller;1498456953;26/06/2017 06:02
599;2959;psychology;1498456890;26/06/2017 06:01
599;2959;quirky;1498456918;26/06/2017 06:01
599;2959;satirical;1498456920;26/06/2017 06:02
599;2959;schizophrenia;1498456967;26/06/2017 06:02
599;2959;social commentary;1498456894;26/06/2017 06:01
599;2959;societal criticism;1498456946;26/06/2017 06:02
599;2959;stylized;1498456932;26/06/2017 06:02
599;2959;surreal;1498456900;26/06/2017 06:01
599;2959;TERRORISM;1498456966;26/06/2017 06:02
599;2959;thought-provoking;1498456901;26/06/2017 06:01
599;2959;twist;1498456943;26/06/2017 06:02
599;2959;twist ending;1498456888;26/06/2017 06:01
599;2959;violence;1498456904;26/06/2017 06:01
599;2959;violent;1498456914;26/06/2017 06:01
600;273;gothic;1237739064;22/03/2009 16:24
606;1357;music;1176765393;16/04/2007 23:16
606;1948;British;1177512649;25/04/2007 14:50
606;3578;Romans;1173212944;06/03/2007 20:29
606;5694;70mm;1175638092;03/04/2007 22:08
606;6107;World War II;1178473747;06/05/2007 17:49
606;7382;for katie;1171234019;11/02/2007 22:46
606;7936;austere;1173392334;08/03/2007 22:18
610;3265;gun fu;1493843984;03/05/2017 20:39
610;3265;heroic bloodshed;1493843978;03/05/2017 20:39
610;168248;Heroic Bloodshed;1493844270;03/05/2017 20:44